点赞率,弹幕率,评论率,投币率,hour,weekday,duration
0.03354989559643806,0.009382942959012151,0.006799318323261346,0.02021066835728702,13,0,2270
0.24329999625024776,0.005062165535491405,0.00969043116794069,0.07457721543398026,13,0,212
0.07166109940102841,0.00016942368307636555,0.00036034523530441493,0.003158651203215262,13,0,186
0.10656505763121608,0.001338252957742187,0.0011604963978902837,0.03541926424020498,13,0,259
0.08956011973782137,0.00019050996683544488,0.00017798509012307998,0.0020896767988524577,13,0,107
0.17983353934573879,0.03556796781668612,0.004697674739788082,0.01123022453543627,13,0,121
0.06662394088762806,0.0061779591528985985,0.00388773173237326,0.009481353024890908,13,0,596
0.09100272080905568,0.0006003907954516286,0.0008346113863292179,0.014781966297902923,13,0,102
0.09984157718711495,0.003214493656317279,0.0032361583144895944,0.015051521265216037,13,0,175
0.08263525214379604,0.0028844749525339564,0.0044805858665943376,0.0032652465104633936,13,0,282
0.10467315194984411,0.007274647767347564,0.004880999028911188,0.019464367855256657,13,0,832
0.03767174153414833,0.0001560167765879977,0.00022896328724158595,0.00103276172022295,13,0,178
0.03756376266187456,0.0015577026907238926,0.0014755062735206659,0.0019775490962423343,13,0,353
0.029496261765567487,0.00479360105969712,0.005146663609848051,0.0023185969202552444,13,0,553
0.1000845943159591,0.0013765680447987902,0.005147785331533302,0.007462532493735865,13,0,96
0.037601091918900445,0.00026250160463363336,0.0003111892063290042,0.000767206884180013,13,0,129
0.08211788776060952,0.0006291656729719214,0.00042676574326274964,0.001291280171710452,13,0,180
0.014290133215804359,0.00037768252132111476,0.00016683579144308747,0.0006097543846287583,13,0,693
0.09574723672826269,0.0013000163607501183,0.0015741694708402794,0.001804104337367511,13,0,140
0.10737333935172196,0.002918376282126877,0.0028634788183897015,0.01314150397362753,13,0,119
0.037880431173775424,0.00976117222603422,0.004956949024989487,0.011050488058611302,13,0,1217
0.07536673741571225,0.0003953550071842079,0.0007269911583566348,0.007095150510645147,13,0,97
0.10475660500812854,0.00028517565363161826,0.0007202246434783936,0.008673919333452214,13,0,93
0.0607820344644764,0.0005749887366924955,0.0006820212720941289,0.001961433439453188,13,0,372
0.058889924657469464,0.0003904275365441225,0.0007004574780798322,0.001956341478538046,13,0,220
0.052799554862165615,0.0001094549521899507,0.0003315191779586115,0.0006141463743914525,13,0,118
0.1003438268511288,0.0011622513082903065,0.0030722968799170155,0.02717654051912027,13,0,160
0.11376496718062051,0.020622061385347782,0.0016339248743700125,0.0030715337516507694,13,0,78
0.06055112322360446,0.0012465933612455617,0.0005824600015474952,0.010314485414857674,13,0,415
0.03632802915834478,0.0033217243213057752,0.0007371741140865757,0.005434438687430404,13,0,2150
0.029694318284952653,9.875619356074844e-05,0.00011962017811583615,0.0003585128012715903,13,0,190
0.052240917924463455,0.014519493914307645,0.0009983784030783845,0.017745792123024795,13,0,440
0.045129543007812876,0.0002902435342847056,0.00035469589504993394,0.0004312070846034953,13,0,139
0.11326649271435074,0.009184388092901324,0.0015927015208706005,0.061915965177938834,13,0,161
0.12317703413915486,0.0009614136474303028,0.006546266580691733,0.0038340458629136003,13,0,255
0.1343866777017029,0.0008376595691319941,0.004353823389260904,0.010859478845333935,13,0,121
0.06869364282991358,0.002240887249225084,0.0016802137665514606,0.024844881340172226,13,0,184
0.08196084199560352,0.0010377181535903834,0.0006423326932497042,0.027338273177617136,13,0,704
0.09061272498892753,0.0026573924155406633,0.007028294694653994,0.007899570896470606,13,0,168
0.02786119548764523,0.0016114639584356078,0.0013052794141711667,0.005878551485027,13,0,683
0.100365753526909,0.001505312134557488,0.0016123012614764499,0.031215943868030158,13,0,781
0.002327432362688952,0.0007480366370063611,0.00021141517587877206,0.0007697999639350582,13,0,3487
0.05258083878738207,0.0007184502489620561,0.0009522421032860889,0.001174213021155536,13,0,240
0.021294463957414526,0.0022615474763800964,0.0003741424941835232,0.0030553051678863714,13,0,918
0.06391741233706266,0.0014599027779415175,0.0026034605393977263,0.0026191795464280522,13,0,353
0.04010003799378083,0.004505306218807291,0.0008696149348757087,0.021132657314540552,13,0,13514
0.0704249966259123,0.0001998498098398779,0.0006938508549419138,0.000628099402353902,13,0,45
0.04384013928626406,0.000506045115868407,0.001397227132275357,0.01593216400344205,13,0,346
0.009349403782591102,0.00017944120679011435,0.00027026947195548084,0.0009488969165650079,13,0,411
0.02132725531518276,0.0006869431704828595,0.0003162571095594314,0.0022415478597682535,13,0,1994
0.03591100869746414,0.0020037111430238103,0.0009773291425187623,0.017430246345414922,13,0,650
0.03685320545548942,0.007925582677894755,0.00021542763462611457,0.001651252819409168,13,0,228
0.07462107576379083,0.009029149762487766,0.003479571437306367,0.047259893171123404,13,0,2237
0.031959615250250366,0.015486144151397895,0.009150449662129564,0.0067915118163155985,13,0,1852
0.1523581933775846,0.0015910088905576804,0.006539046540192066,0.0806418766268066,13,0,188
0.05737346710655014,0.0003607306694639115,0.0003834458525974473,0.0009947216016984177,13,0,101
0.1084424929202311,0.001899860718959474,0.0013391598533972371,0.06197480317611267,13,0,201
0.025661381360679046,0.00038024042397345856,0.00037808608729372224,0.0007949502348226981,13,0,122
0.033187354035218525,0.00040762715702703924,0.00047033902733889147,0.002754676969994693,13,0,195
0.0641870228903488,0.004352140461808944,0.0011478372545042606,0.03328637084238703,13,0,6955
0.04700944878197463,0.0026857922238149408,0.00291459390934764,0.007948230991067033,13,0,638
0.11107980449015212,0.0009574608243294187,0.000780056638895085,0.008998044640632603,13,0,1371
0.15196678866648575,0.0013129038646315435,0.0033519389169643313,0.0038580303508167144,13,0,153
0.02590846005935498,0.0008388221763466224,0.0011637924460641252,0.000381673866719955,13,0,212
0.04972858708700872,0.0012874715103432677,0.002153035127094316,0.0026662839048662945,13,0,450
0.029539621354901645,0.00028980840444372885,0.0004678606267817061,0.0008362771932150738,13,0,273
0.010419181678704367,0.00033176320877042857,0.0001553120024207009,0.0007026601504342622,13,0,186
0.10913260387474512,0.000233018032106645,0.0005424626558489811,0.004955267598988012,13,0,174
0.11342405632343305,0.022565946876762014,0.004126727724356532,0.04512579814388686,13,0,975
0.1617259252932212,0.04096150474503581,0.026891383410581587,0.0423115135113265,13,0,337
0.1372383518284756,0.000951447896452324,0.004393616820845187,0.07074250617028091,13,0,253
0.009101208718189892,0.00017685565799147556,4.728181876914959e-05,0.00020392540156159936,13,0,803
0.045248057839182856,0.00014807302896221024,0.0001699288265950088,0.0003841156433964347,13,0,185
0.07227434243922616,0.0009137227622252721,0.002007933971309857,0.0027562089905807594,13,0,356
0.08411636836967133,0.0111375203384315,0.008761991539212496,0.055099511877643996,13,0,1018
0.09949236380954443,0.012598902466743877,0.001498323084226168,0.04865143191134381,13,0,1213
0.154938568779657,0.00036077444686132085,0.0013201064987425604,0.009641345688686792,13,0,114
0.041082021467034005,0.0009389847155754809,0.0014070369127565105,0.0045134633414318365,13,0,158
0.14425451059952785,0.009449650972568916,0.0017917080159458626,0.014184637373877642,13,0,80
0.09401413340958294,0.0010048609125444222,0.0025570850863935297,0.02268044606020996,13,0,285
0.06919122512342851,0.0007380261617549753,0.0031289764340611797,0.0025271033745610017,13,0,144
0.1113486171722388,0.001257756529621891,0.0014894868751721582,0.02489133692863531,13,0,473
0.05824361105089482,0.006243225666594407,0.0034154683623575884,0.03723534937495484,13,0,1214
0.07867522079008196,0.0014583825376114274,0.003933761039504098,0.0037814697656650288,13,0,293
0.025169293826040467,0.008132583796393799,0.006575323602313412,0.0063424433392194664,13,0,1800
0.05117894352038019,0.00027678408230409694,0.0008825756586677807,0.009494216257148079,13,0,155
0.04467183153154319,0.0034003361534998334,0.001800866312775496,0.008213527068116967,13,0,841
0.07971002617283712,0.001266707476369736,0.0013226199829370455,0.004722678787469814,13,0,579
0.05633814607247604,0.0004446752648379396,0.0007584258093809739,0.0031354963704386045,13,0,321
0.13990379211904602,0.0006271495043495852,0.002360240070132848,0.029251241935846425,13,0,86
0.033625315603433764,0.0010153172866520788,0.001097458340346743,0.008242383437131797,13,0,944
0.03572823307337814,0.00033893740801099455,0.0009796683984975322,0.0025402249574522635,13,0,164
0.0574234276361936,0.000827958024453644,0.0006959248511188436,0.007817464137864638,13,0,170
0.10374840577217948,0.001554819941819641,0.001476004184400212,0.015515956608343005,13,0,235
0.013481863991688508,0.001778834543264984,0.0011005272481794297,0.0027164707922661623,13,0,990
0.05016179369062103,0.006398152769121438,0.0028587001768576375,0.007803354545517269,13,0,792
0.04021797631862217,0.0015040066977634254,0.003307020691304868,0.0009964418131802415,13,0,259
0.03571187561578017,0.00036890574458225923,0.0013800224042757076,0.0007355620638926754,13,0,106
0.038586355442494016,0.005714064550633157,0.0058594964070121614,0.005441966238698244,13,0,800
0.04072527296014338,0.0018197342892046007,0.0005389456954090281,0.005199240826298859,13,0,1290
0.043203477261656444,0.001819400555395959,0.00215108379928584,0.011041304972334286,13,0,979
0.0967915609658168,0.0013231617177376673,0.006132170167722154,0.042167795156315586,13,0,1224
0.12818958398547328,0.03993716793978547,0.00404669062292407,0.052884594955588386,13,0,382
0.22090762712493228,0.01892250196014415,0.0014271333417427846,0.00915888174085534,13,0,208
0.0632963656995025,0.0006814132973762701,0.0006871879863370859,0.016319271003265585,13,0,149
0.12059046657821476,0.0005835151944549346,0.0005494266779403852,0.005950117137500376,13,0,500
0.060536485845131625,0.011011396626006989,0.0024377315228579707,0.026713346194858267,13,0,3654
0.07274666363673925,0.0009102693880923853,0.0015416477296202951,0.006919338511754741,13,0,231
0.057900743765755186,0.00027195408243202104,0.0011515058103913208,0.0012457662417729113,13,0,76
0.09881748186994617,0.0017795162815619795,0.0016213252203156738,0.03853310547428956,13,0,381
0.06815271047506906,0.0003985326751505819,0.0005506996965717133,0.004119378651329197,13,0,93
0.1286385901043225,0.0004270855555457375,0.0008482802758425683,0.01096031975453731,13,0,102
0.09223524089354769,0.0009228577547725101,0.0014197811611884772,0.029645752568239737,13,0,107
0.014601269268854305,0.00026260945754791245,0.0001137260980300622,0.0005588475999971875,13,0,298
0.07340772294923946,0.014084210107133696,0.002779362210746633,0.07437399931833594,13,0,1472
0.024062333125831604,0.00016779612512649245,0.00016521464627839257,0.001388466837585152,13,0,113
0.05585408783292097,0.007264453864066366,0.0033962942075389316,0.007059789331974967,13,0,1237
0.09070351499047412,0.025102120239265995,0.0018901706789441056,0.0715667040498941,13,0,2545
0.05266714651958366,0.0001403974152641752,0.00016757110854111234,0.0009497852792986599,13,0,57
0.07723561405558368,0.001041346654493584,0.0006281253019833182,0.001283654463295415,13,0,212
0.069455057610764,0.02299186407156021,0.01357486402661033,0.041608606403859695,13,0,253
0.03586654309545876,0.007277980701084883,0.00151283868505697,0.0060895164367878755,13,0,1272
0.05340064481752748,0.0041663280019988745,0.0021734745790774473,0.012800019266256657,13,0,740
0.039309475223939294,0.00046573163853015094,0.000995860738190397,0.0015259898378506428,13,0,137
0.07432375232247802,0.008409932408649198,0.005142868600097132,0.03276086385043464,13,0,9691
0.09568504910176848,0.0011411898106178748,0.0031976634029318232,0.02618323748116235,13,0,183
0.051013705000944674,0.00021703218180320802,0.0013457933059136426,0.0008865377069193542,13,0,26
0.10529524022866202,0.0077951002227171495,0.0021420909564775366,0.04499683371170837,13,0,608
0.07904160641285461,0.0005805005979156159,0.0019511270096608199,0.008168933414001416,13,0,222
0.07083682208060779,0.001109757572415736,0.0006482466988766658,0.0018789423616475196,13,0,239
0.04128450613992755,0.0002920864795149594,0.0006726840134283914,0.00037006050362789955,13,0,58
0.05556143572100237,0.0003063875680180401,0.0008495291658682021,0.0017642353234784236,13,0,204
0.004046429697652605,3.387758408637311e-05,2.3968725499845006e-05,0.0012633794697823333,13,0,1283
0.15068743918066113,0.0012525170775886155,0.0022738002331608716,0.013238142035436598,13,0,137
0.06481868955841631,0.00044613727163686273,0.0003825396562930476,0.005264292610084292,13,0,291
0.07548397769371079,0.0012363360918719608,0.0007683567613218349,0.010548036445794934,13,0,314
0.026935194909495273,0.00531173979585295,0.0022030257217823296,0.002300937976083766,13,0,1309
0.044570088747248285,0.0009944007588042713,0.0004984081536031125,0.0031667839549612948,13,0,1462
0.06480434703329566,0.0035402400742833256,0.002348003916145122,0.004710034140033046,13,0,1126
0.08964759086890547,0.014246698224572005,0.0030979412608249045,0.03925448815507963,13,0,1185
0.0590597322793757,0.0032815970920001152,0.001545235553760494,0.0014568848628220292,13,0,149
0.07479377498086572,0.011701675312526576,0.0018538991410834255,0.02586954673016413,13,0,5473
0.12656456379112482,0.0006666811019269933,0.00081255320628025,0.0038211653585661686,13,0,120
0.04660695680247318,0.0009695107932672318,0.0006828643125131462,0.003119848556739861,13,0,472
0.03523334560587297,0.003958654726804139,0.0004543882443269932,0.005944574776786846,13,0,736
0.04070159692637812,8.883300237934602e-05,0.0003116813100723606,0.0004901131165757021,13,0,144
0.06895525814375245,0.007573747159156126,0.0012772893184270333,0.03167787700006887,13,0,1167
0.01945780389055986,0.000475991087400527,0.0004159361371210213,0.004123495220348841,13,0,349
0.13373637383667442,0.0039653397907174195,0.0060701776417626035,0.046416998135403044,13,0,295
0.1696045704635115,0.0012501484345106939,0.002091277328442691,0.012564156694066578,13,0,2018
0.07647540268749035,0.0003555591335091003,0.00045451191123097257,0.001915323256921663,13,0,194
0.01299375840711423,0.0006694174555329055,0.00039585137671813993,0.0011144350860472474,13,0,316
0.04715759522919515,0.0017112943852194637,0.0006813632943915283,0.002689176891059157,13,0,519
0.022751151623947655,0.002525247692446074,0.00036457725305871704,0.0020013473091136658,13,0,554
0.11421567535043345,0.006425913132618724,0.0028680943997504067,0.01956521739130435,13,0,64
0.07467815778245042,0.014709217622615255,0.0022622173189361236,0.03098680341196957,13,0,2510
0.07984572960042527,0.02015316293080535,0.010277310179852929,0.03646894657570657,13,0,1944
0.022894252732770334,0.003259589931337657,0.002222963209958875,0.0075059033283203245,13,0,720
0.10154019501436237,0.002298196749179449,0.003836866170631029,0.0654479358727917,13,0,466
0.08354038609037583,0.0012099082846309239,0.001565498889116947,0.009725177975348118,13,0,77
0.08730869000730795,0.004759339472482531,0.00136380265199371,0.0016676460085198377,13,0,147
0.06288539873003432,0.0002246783971952724,0.0005776782707268138,0.002024885101320692,13,0,143
0.03303556396980373,0.002563522581618035,0.0010214842196697167,0.007345597341042493,13,0,1376
0.03412290612383884,0.0015684119066059288,0.002471521063448045,0.004729293955553335,13,0,424
0.19330605760360792,0.0007431070415798285,0.0021268236017629575,0.01832143223205439,13,0,149
0.017786719249626944,0.004167414646186987,0.0008176351131506019,0.006353151050724231,13,0,416
0.03978849744593284,0.005764173530780575,0.001956903270663833,0.013471232400486702,13,0,1462
0.02999982489011855,0.0008496331447983609,0.0022463095592484285,0.0007074439210604654,13,0,261
0.09278352034538905,0.0026714604622378084,0.0008325290464227037,0.006520249611363653,13,0,189
0.04804174910890304,0.0039392071849985765,0.0012001427196747722,0.005748431344988774,13,0,992
0.12326178172380257,0.0006012643780143976,0.0012791942712770494,0.016924127843623023,13,0,61
0.07274342533632039,0.0008086894571173869,0.0022519456982503126,0.005634462555654879,13,0,114
0.05903640005287857,0.00864246894860655,0.0014138296205962447,0.03123848500853777,13,0,2256
0.02739995529476572,0.0012741828946388042,0.0006672298075079678,0.0004855624697046692,13,0,118
0.1848330211226665,0.003097345132743363,0.003181319036237969,0.0038660293262709126,13,0,68
0.08342289392773476,0.00046732218315005523,0.0005812106112126194,0.0017402151807959813,13,0,138
0.06293342904557606,0.0005245767149073461,0.0051639252931762625,0.02133508718129746,13,0,284
0.019938712491029173,0.00034133323722867906,0.00019440400617795834,0.002286066361418879,13,0,443
0.06699485706721547,0.0024747742442623425,0.0025897153328688477,0.007838873294064519,13,0,724
0.1746194267808934,0.0009778845623046532,0.002744385707113059,0.03231750755100378,13,0,95
0.0619306964296804,0.0005155956863271822,0.00046071435276854667,0.0010066391971149749,13,0,139
0.07100947078142174,0.00511711782863085,0.0035984362351175786,0.02884507802370657,13,0,892
0.008570646040250596,3.908550269848035e-05,6.811223632014591e-05,0.0003023378591088333,13,0,108
0.061983978299671394,0.0040185048425297465,0.006622383293322682,0.018009823906179886,13,0,957
0.04336504019276414,0.00028622039606542363,0.00038798764799979646,0.0007574239740323896,13,0,84
0.08988708029015131,0.023416506717850286,0.003908567440237306,0.06598698805992471,13,0,1659
0.00767564385044061,0.00023093532352817155,4.886686026875985e-05,0.002217924916069197,13,0,2474
0.05505338163671697,0.005222523451932535,0.0011861519637244788,0.00981838247642811,13,0,2795
0.09110228836574881,0.017669171406185936,0.005190128809375926,0.008667129454843646,13,0,562
0.018593835398141738,6.0478683983836515e-05,8.767809212471536e-05,0.0026050633138222914,13,0,125
0.08390871719514228,0.0006106847087899508,0.0010354915114426599,0.012234435916398022,13,0,180
0.0460347229693529,0.00738888957970318,0.001000178950936627,0.0038958321732158563,13,0,910
0.057734365994460767,0.001810843564923999,0.0011207758666346816,0.005923210886557855,13,0,1092
0.07538228603088927,0.0007481035702157755,0.0010059822753072203,0.005474177660555027,13,0,195
0.05312547143808324,0.013127104811532524,0.00985241790313415,0.026789593142553803,13,0,2365
0.02896400050897392,0.00035309252097971624,0.0005428187327135176,0.013950571603095369,13,0,861
0.08922531808664841,0.002132848629869084,0.0030807813542553437,0.02009985504912224,13,0,238
0.03117425262590897,0.005163446000538648,0.002415499596014005,0.008328002962563965,13,0,1272
0.10569719350995278,0.00214900160317391,0.0015096034483834144,0.029474695428147242,13,0,304
0.05204533866729419,0.0022904655449660746,0.0007624426403106247,0.008501392320665177,13,0,591
0.0537160746047151,0.0002095850216571189,0.0005900479213319789,0.0006957845088346696,13,0,84
0.10887039288443946,0.032607705619819655,0.010549784766966185,0.07966097332060812,13,0,2081
0.08530068517888732,0.0009095294964370171,0.0016002446502529546,0.0024175030383557818,13,0,341
0.05196380425876249,0.0020620624704630374,0.0011364293169864308,0.011731486486945938,13,0,1023
0.05939338314090264,0.00270932669008278,0.0063440353208453,0.004368458343944548,13,0,617
0.03496032181791255,0.0019050766110792648,0.00046140935371459714,0.002461185701145766,13,0,795
0.18054796090010988,0.0011561235489868295,0.0026299206857583286,0.06106623754693497,13,0,229
0.08903387622501986,0.003632491337697368,0.0028595058298242675,0.04444936944923431,13,0,241
0.05896448677266871,0.0006726763384486106,0.000490000655483333,0.000703838660836805,13,0,214
0.1477736471578996,0.0006099794366270301,0.0016929452921988965,0.009092731294684958,13,0,80
0.19588955086436635,0.00040741722593517604,0.003189574583862371,0.00923944133610526,13,0,47
0.035421917013070785,0.003841610486869602,0.0010707653151138437,0.008902881411432702,13,0,1250
0.061883676966726524,0.0005314666776073901,0.0003572566977740888,0.0005030628765476127,13,0,92
0.06053613949575232,0.0009838863032983038,0.0014317997098796799,0.0007644515738253876,13,0,255
0.05107021041704427,0.003041737382392196,0.001318196048707344,0.009813969582626175,13,0,626
0.05025079049724375,0.00251664941097462,0.001341396871589669,0.011091445840445477,13,0,419
0.07563332149896193,0.001184167656516867,0.0020388722574574804,0.031635027986096804,13,0,406
0.09073486552627359,0.0002822721318513107,0.00038831629027820966,0.0011280639461644032,13,0,65
0.1989931413527931,0.00044646637261467644,0.002370890392505523,0.027298596196824957,13,0,24
0.02917098025158343,0.0028783983692642697,0.0008248198548852074,0.001999184988813659,13,0,213
0.011040240219084103,7.488473642536761e-05,5.131695135748541e-05,0.0004382847771494865,13,0,151
0.11575039345717707,0.019151131753867793,0.007726941679942043,0.05636958648083061,13,0,443
0.06057393925043866,0.005596385948351426,0.0018205110916323917,0.021540362502802897,13,0,907
0.026581533693432354,0.007351356528818754,0.009482531548574029,0.004683111720778443,13,0,680
0.0510361392788531,0.009558225831143042,0.0018693845692761147,0.010713923788619394,13,0,897
0.03661364090092379,0.06038675838036988,0.006803662498411949,0.018861503838545166,13,0,13612
0.05506439262095371,0.0008985655925403484,0.0006164471394288017,0.0008976496235367395,13,0,170
0.03433739523179947,0.00042342838050773914,0.0007784907204126662,0.0010839325469768426,13,0,156
0.10001971050983459,0.007743528117678102,0.0020032395176647496,0.008459226267115557,13,0,109
0.04860858504533017,0.0036444854278505413,0.002509203889613564,0.033981988410860704,13,0,251
0.054576710800132704,0.002540639985523419,0.001462134692523449,0.019802756582320474,13,0,614
0.1083716419617587,0.0001374973534801432,0.0012046228313747059,0.0015885203094542207,13,0,32
0.06227550626693026,0.00123011626935668,0.002862978770798611,0.011453903953476346,13,0,71
0.1473383813748239,0.0019739331415624616,0.002844651917632739,0.0545361712991033,13,0,162
0.03882974691083941,0.0018545793218466737,0.0007165625214337027,0.005328192854590152,13,0,923
0.060316744051648045,0.004841014435960464,0.008106621066923165,0.009258489587662736,13,0,617
0.10915012298587183,0.0011502834303548023,0.00443551360996205,0.009009475281845319,13,0,49
0.060622382363047095,0.004423477552940885,0.004717550588300846,0.031304848490476676,13,0,995
0.11886653969189326,9.602028790302213e-05,0.0010798994023065915,0.008328773465779947,13,0,60
0.12606795773307447,0.0006648393780692738,0.0008062367100103873,0.006255472348664067,13,0,161
0.05519672687380845,0.002744849223484589,0.0024588006347844213,0.02113716486288687,13,0,2607
0.008932468310113321,0.00011360511046345707,0.00010050854276927838,0.002547434702188619,13,0,1497
0.060658012416380296,0.004589213069038351,0.0021493462018223417,0.014355436832446429,13,0,1486
0.14344558042623926,0.006924272611300134,0.01273541946261407,0.12164921774299237,13,0,173
0.08014916446511113,0.015577903379767341,0.0059372685396062155,0.017271153747133356,13,0,7402
0.01371693264486968,0.001009422680325651,0.000897264604733912,0.001199390420859159,13,0,359
0.05028781916248947,0.0036460409657379273,0.0016803160463295882,0.0066271481226141005,13,0,2196
0.00861215646414413,0.00014057951134561857,0.0008017292131892549,0.000539995722974867,13,0,306
0.1051136420779078,0.0004042961325018555,0.0009058110696683364,0.003967868179346569,13,0,112
0.03562937928139849,0.0011714626682411459,0.003332717323552351,0.0029725082143338168,13,0,532
0.05342536529296002,0.00020898762909340006,0.00028677746881149895,0.0008463998978282702,13,0,107
0.11509175021340799,0.0014917248845283165,0.0009084300113127544,0.006540452534531909,13,0,171
0.05775159837677961,0.007028312311615681,0.0011614583904788625,0.013152223150483314,13,0,962
0.03955778022902027,0.000813011702973865,0.0008818613426851652,0.001082550718013849,13,0,407
0.10712108172395364,0.00047923843743178377,0.0006824756805311267,0.004348273361619274,13,0,158
0.16529503632783324,0.0007129761662253005,0.004950091668364229,0.01626604196374007,13,0,112
0.11077916695447952,0.002306614432745537,0.0022474072173595556,0.02400605887170783,13,0,792
0.04359945168001694,0.005932501695613726,0.0016254997410075237,0.002263680097072097,13,0,582
0.1018256001903662,0.0005571693475604979,0.0019181715559244224,0.003969831601368547,13,0,297
0.10617587478574025,0.006357670931661963,0.0033138840313728206,0.0827882334608792,13,0,1495
0.04927175625831532,0.003754801452357202,0.0014944109780381663,0.019865402883937837,13,0,2032
0.0510717449987824,0.009295192302710321,0.0033799129201791335,0.012751097133205184,13,0,1428
0.04767707114007087,0.010031600941236632,0.0032919311730700853,0.013067848139699332,13,0,1440
0.04832691159992008,0.00820395571881278,0.002608997582393566,0.026139763386226693,13,0,1719
0.0025221017327253055,9.055138422531711e-05,2.9481846026847433e-05,0.00040677928029900207,13,0,110
0.023428486036392956,0.005277186983054617,0.0033831686058634638,0.005407509348457678,13,0,3092
0.08066456502076766,0.07024561157017536,0.004803343900104497,0.02813951650435989,13,0,4010
0.0839033305365127,0.0032414764635298452,0.004043145791687127,0.012809954103786535,13,0,773
0.040556529801858456,0.0024908790389228195,0.00332940275342162,0.0017566668682348673,13,0,487
0.06201029032226003,0.003240159423794962,0.0018569625327577468,0.0038282251678886286,13,0,302
0.08800136991714635,0.0009694798266527919,0.0025949392099266304,0.05749173439414097,13,0,1487
0.044645282514831484,0.0009635024665362987,0.0016148421401761019,0.001707890664981788,13,0,532
0.08820960573640925,0.001943683993493849,0.0010702790314082152,0.016475853932326864,13,0,965
0.06329726266795085,0.0004924669981739499,0.0018565570019655098,0.0006297476215587234,13,0,119
0.04382469065935374,0.00011040796735626469,0.0006452585397587685,0.0005427840790388821,13,0,54
0.03932051080681012,0.00012137135350477631,0.0002603534524200496,0.0007372714767799942,13,0,148
0.02556050995415437,0.00037681341455755824,0.00020372432575672866,0.000802643208244555,13,0,173
0.09149130595058229,0.0020119105102205056,0.0009267768414822199,0.03864685389116473,13,0,750
0.0316306229928265,0.006549807501622653,0.003329873084265874,0.0033827282125875545,13,0,581
0.023376231584688368,0.0023502041278753443,0.001015040515991005,0.0054908356530181815,13,0,1472
0.08557471226720993,0.025742013245206637,0.006614415134384478,0.03874157435853766,13,0,971
0.026662835473960762,0.0024243622660474963,0.0008826161690750656,0.01142869501543291,13,0,1276
0.06995063751627932,0.0004116839059302275,0.006325681554581765,0.0022286349907569046,13,0,184
0.030183451576340205,0.003597343003749116,0.003132336367716914,0.0017534625233714273,13,0,210
0.07809998820496403,0.0007173307592873873,0.0008473168700307393,0.002532322009296414,13,0,108
0.07827284275390693,0.0009651285275447682,0.0006323889780483814,0.0025277175721410594,13,0,166
0.07496779724425122,0.00012215778641365462,0.0006740492143182014,0.0014571678807914516,13,0,74
0.06944984787271186,0.004139857349493741,0.004129881789615442,0.04844630654895506,13,0,5972
0.1364295365466003,0.0005620549622753176,0.001480512326125878,0.008322880103626557,13,0,185
0.13931101788362338,0.0037452946171687854,0.0029531426253818173,0.004778260814458992,13,0,166
0.06447880187385624,0.0008767771303900129,0.004190179076631341,0.016123523624555876,13,0,174
0.05788701620315213,0.0003042346053034687,0.00013988409299792355,0.00041220597746536404,13,0,91
0.06903897758104734,0.0006908739462310126,0.001564242897126821,0.01364057050173091,13,0,150
0.09370167201814185,0.011130606045895546,0.0012829670520191126,0.0026803608951642545,13,0,287
0.017539374215928223,0.005759068148973096,0.0033020390741290437,0.001189514075916565,13,0,524
0.07917391444401495,0.00139016396082979,0.0007021284306146116,0.01027473102692952,13,0,732
0.02493700828295832,0.0010772724625866185,0.00040879696443663137,0.0016021378625466437,13,0,238
0.04110409905605334,0.0047843871915931035,0.0015580008389235287,0.007660696432682694,13,0,1367
0.10723516279516375,0.0024309250798172405,0.005387563713762172,0.024460483464428317,13,0,187
0.12682723923463932,0.6058907419878778,0.003956542407796221,0.013696866458027968,13,0,3857
0.05551968360943522,0.003233519643253496,0.003324320506870599,0.0027139369236667404,13,0,322
0.09279497583250033,0.006038662860167695,0.0034330440770995916,0.039040597801926716,13,0,249
0.049901582393298755,0.0010037710946793812,0.001338782858016958,0.0007117419726756821,13,0,302
0.02547003022641294,0.0017052259376841624,0.0010949945820580575,0.0011044997433606448,13,0,137
0.011734179523527712,7.397569468338403e-05,0.00017977814173054956,0.0007926581703574231,13,0,189
0.10560603239011895,0.0018622521489409666,0.0016531571708142615,0.002244503905828849,13,0,148
0.05312624514637062,0.0017266029672570451,0.0016797268685984827,0.005379032321070025,13,0,391
0.1357615018896958,0.007579339325935084,0.0021319644907512093,0.07164399129594662,13,0,1013
0.1258566880479275,0.0006721318453827903,0.001906614001402515,0.009792960987227255,13,0,219
0.05186646591558071,0.003192980634442656,0.004662270910129277,0.004636311717979336,13,0,635
0.08746809920618136,0.0009658361885425038,0.0022771174372206477,0.026726167815800235,13,0,230
0.049029965143186326,0.00039933996621720577,0.00032220584071314894,0.000959782852790986,13,0,100
0.05235432660326136,0.003991298250660721,0.004962154581902519,0.01301666636701965,13,0,237
0.046499778749765984,0.0008562809537587011,0.000624393689262556,0.005522746225981585,13,0,554
0.07899852141189043,0.0012597939189033574,0.003079240346569998,0.014974735028719616,13,0,263
0.08161579203611631,0.008011094554521179,0.01442390443733003,0.07196215261897385,13,0,821
0.035765420915758406,0.005907333274893103,0.004193086520760891,0.008746554461424578,13,0,503
0.15101402922148724,0.002842189430835211,0.010641855055608053,0.052038961982990475,13,0,162
0.029334543774857877,0.0013597470870418103,0.0013337519221424815,0.003809291471786248,13,0,394
0.04744880587577217,0.0031292053763963875,0.0020672211683447636,0.00933086888143068,13,0,1038
0.1548163533247958,0.0006779806936926272,0.000893212659944255,0.008430636118076257,13,0,510
0.04428280558871024,0.0008354981394369164,0.0018268623183318121,0.002448922277610054,13,0,287
0.1168885869176797,0.0005031441746291455,0.0021374098176007075,0.004063270379959615,13,0,39
0.033372618160904366,0.0005430734563419854,0.0014943948408021647,0.007280578524084742,13,0,110
0.029934555899489176,0.040026982771282936,0.0064094961946676385,0.015445460529536886,13,0,3922
0.15539766171460043,0.01691756661631215,0.014503264640462926,0.13367863992382828,13,0,255
0.06532732719971103,0.0033123449182773917,0.0008794358389581814,0.023235993361144753,13,0,1788
0.028186753528773072,0.00257871878393051,0.005610749185667753,0.0038382193268186753,13,0,626
0.025115318818797697,0.002661827766758965,0.0032331468971852793,0.001704218997010313,13,0,367
0.03274643574984331,0.0003890237664704738,0.000610551189043938,0.0011184433286026121,13,0,310
0.03751991087294791,0.001773947524299705,0.0029279341491036653,0.004376555656836296,13,0,472
0.0471748354639829,0.003228794855726002,0.0023977548295686765,0.024325569528697508,13,0,595
0.06546539180034881,0.0005175662525238094,0.001067480395830357,0.003656659487232018,13,0,87
0.15130698297017922,0.01063434223246821,0.009398006990406783,0.09707555588607124,13,0,1204
0.048259051069611314,0.005697711591229986,0.0013253589791405813,0.011828329381676746,13,0,491
0.03861335183874213,0.0005041637169790231,0.0008825775923096985,0.0017907708931033197,13,0,117
0.19964646753966425,0.008727248070126623,0.0013654957462703144,0.003272279617988536,13,0,12
0.058655755218044205,0.013494855023532851,0.0033863116414540985,0.013494855023532851,13,0,1859
0.03989042598611938,0.0006357536641537776,0.0016891102253497425,0.0031382546068767355,13,0,154
0.11151663949181456,0.0006055436698302592,0.001204018736510749,0.0016611217401958475,13,0,159
0.029306687268707235,0.000559157592805221,0.0028384717497364274,0.0025311484926221076,13,0,109
0.08820116613260216,0.012452099369033067,0.008549849691123518,0.07356463281688745,13,0,2117
0.07362046503919827,0.18554152530279105,0.06920807074561867,0.08516588484962874,13,0,307
0.12767528973145983,0.0003693086893058755,0.0010024092995445193,0.04002954469514447,13,0,128
0.1169900522013198,0.0016875143635707015,0.0028661479365704717,0.01096884336320956,13,0,166
0.022333228035194694,0.0008643624729026349,0.0004952152139387686,0.00256664212930225,13,0,345
0.05133484186930979,0.0015552793447429646,0.0,0.00694563958738354,13,0,393
0.021109484616570796,0.00012228930807026746,0.00016856485881097365,0.002338003295573548,13,0,81
0.09674204166751856,0.0014413935515528204,0.0017991862771155774,0.014076588088569033,13,0,202
0.0715515604363717,0.0009580035973141761,0.005306358455501907,0.0036570560485445387,13,0,53
0.08161470596578821,0.0013900314884684123,0.0018344633249174965,0.005271718060007754,13,0,726
0.1414225736961913,0.0015759318154978845,0.0009976829322919424,0.00423506224319845,13,0,247
0.1387173408504577,0.0009288496209895113,0.002188897632305041,0.08503331905610949,13,0,166
0.10897866719197209,0.0007242262366887218,0.0005301336052561444,0.0017236584433191577,13,0,196
0.026320718910549403,0.0006496517768256724,0.0003086898291612266,0.001262822028386836,13,0,432
0.11282121204285099,0.0005030784167605042,0.004226799034277507,0.00665756110404555,13,0,33
0.06032685495573707,0.005004304534743615,0.0024496469014139333,0.00983479820286806,13,0,992
0.07475594393217445,0.005111903134120652,0.001322223417583142,0.02292548004344944,13,0,240
0.09270891426223253,0.0025330946021309697,0.0025976694355572517,0.06328040153805513,13,0,588
0.09379790574621699,0.0010183834437741074,0.0009333893779052518,0.008840928197013154,13,0,231
0.09440191251387427,0.004544117786568764,0.0169716632988967,0.006194799404236749,13,0,181
0.063662271311076,0.002019993207625179,0.0030920071467595944,0.003032943017881665,13,0,223
0.10675401184776859,0.0009013186683996369,0.0013356497658530851,0.01672011442828312,13,0,256
0.1843309018641264,0.0013101066959775283,0.0031087277531670165,0.024570051849137884,13,0,88
0.1462793706439631,0.004862067526397062,0.005659196193814949,0.0071240766245148366,13,0,612
0.05504061222234501,0.003536302353851254,0.003384351862084208,0.03108078240689579,13,0,4378
0.012168541627887462,0.00021041933506638218,0.0002099933849953976,0.0006504257583934527,13,0,120
0.13624779346866725,0.002824360105913504,0.005698367166813769,0.04081531332744925,13,0,296
0.02972693793227342,0.0041722806072038085,0.003278541273690829,0.004641606036108865,13,0,282
0.04115295017558499,0.00398108549772261,0.0013247105455304058,0.012430026772365356,13,0,3152
0.01277003625707649,0.0004682931537076315,0.0005461592284459028,0.0025257122552427994,13,0,496
0.045986642540139226,0.004166909877628797,0.002366834937270401,0.009068159950592085,13,0,473
0.06754909999609543,0.0015305923236109485,0.0010190933583225958,0.007469446722111593,13,0,328
0.03627359350779612,0.0009460198778152639,0.0027611242819367194,0.003000478708853834,13,0,312
0.06586394185994061,0.00019369406420560227,0.000880909990633698,0.016034153835540473,13,0,69
0.08488274315612446,0.0026783767790962035,0.0034725466380142638,0.00879815628017067,13,0,87
0.05284427005538658,0.00021927618222108714,0.00025152267960654114,0.0009648152017727834,13,0,86
0.05101986491714374,0.004088687609359971,0.001526159437521517,0.004610421184512676,13,0,738
0.05336367622820679,0.004578652110141684,0.001941542044062722,0.009925453253292608,13,0,454
0.07103666396749372,0.06692980576848359,0.01333367224294009,0.06783759935800837,13,0,3753
0.10087807901880966,0.0017351262048334473,0.0019675833040455836,0.011470650907551259,13,0,417
0.08031561214145148,0.004124053312660266,0.0021561363229769216,0.012506336096368299,13,0,849
0.10493454179254784,0.0015307150050352467,0.0033484390735146023,0.005513595166163142,13,0,179
0.1375952582557155,0.00036862390142777894,0.0017007795848053959,0.10306505299424801,13,0,73
0.03841085352665607,0.0003645236724986772,0.00046172998516499117,0.0008185213373379388,13,0,64
0.05386244101316575,0.0074613418026601794,0.0020553884965818607,0.013165748780844906,13,0,1812
0.06254893210073319,0.003299968122409946,0.0013873127191584317,0.005901179470832005,13,0,371
0.09523205316658127,0.0006296294522941974,0.005123220638439476,0.016030413735976978,13,0,74
0.11164862263545605,0.00381849864433862,0.002484854966250008,0.014896548253367135,13,0,325
0.01590901744442888,0.0001266041008953873,0.00016700966501093643,0.0018398000193946707,13,0,60
0.036606876654214394,0.000879199136165509,0.0002640036241051771,0.0005706868179271265,13,0,143
0.06567302627676079,0.004600275764870001,0.0023783371773829663,0.005612372386840227,13,0,889
0.053512722526807034,0.039912694842272306,0.019267941803153072,0.026040765477385194,13,0,4198
0.1058676614879294,0.0012540204735894892,0.0011280937314717162,0.0034787262510034785,13,0,212
0.07329655607427717,0.009874998840495976,0.0061685614066705275,0.004759929661173047,13,0,968
0.16344141710350427,0.007383663556896201,0.007436154056115843,0.012181295185571412,13,0,49
0.08566510471454528,0.0058190685665104715,0.002529406139428134,0.03586114564406617,13,0,892
0.20212833612447798,0.009560553706569436,0.004515294766073813,0.11163871988920215,13,0,251
0.057837302908062965,0.0015576531359418476,0.0016863481243814874,0.004193681519843436,13,0,247
0.08817316730564093,0.010392573112385539,0.003738791546528944,0.017099162468447344,13,0,1249
0.038950440011394874,0.005277826967347536,0.002432958893773627,0.009500858464926126,13,0,1257
0.05268778924884301,0.004594305947100536,0.008601695322948438,0.042253182338622,13,0,1438
0.07917315476425597,0.0005737938375373434,0.0020664894004062294,0.001590406832304593,13,0,172
0.0067590008160961996,0.008497981313062536,0.005923310470230123,0.000941498736667408,13,0,19834
0.09501105013851582,0.0050993596961990085,0.001010716894901922,0.003207927535993057,13,0,123
0.0739267741554476,0.0014289669807941417,0.0014018592060907296,0.015009962107203505,13,0,1213
0.1139750399286855,0.0012814322326635218,0.008654310440886975,0.004184154811870891,13,0,72
0.12977108679651403,0.0007793316303494004,0.0006618133686300463,0.0051429702431390984,13,0,370
0.06601264155912563,0.003687121411640769,0.0027916776402422965,0.010271266789570714,13,0,692
0.06156423167092924,0.003763054134697357,0.0022711530264279624,0.03102688086104007,13,0,1052
0.034286824846365214,0.0008962571503187222,0.0011487361733029896,0.007793012317679345,13,0,688
0.049970699910895616,0.00028029080672912,0.001214816479761532,0.0005860017820876113,13,0,79
0.12450339511546558,0.005983000680605898,0.007874451953972048,0.14574463033602938,13,0,948
0.09268733799085616,0.0010732934305223581,0.0032549982770238386,0.004956025697585858,13,0,201
0.13131396699137782,0.0008213045806533132,0.0019374364466693541,0.024384924097016227,13,0,102
0.1066307336625672,0.0011764866824443563,0.0014090480033926592,0.0018139783033967634,13,0,121
0.05703768330140293,0.0003637949921625374,0.00048099069433570383,0.0014275087611925964,13,0,178
0.038725734196117474,0.00873845473148609,0.002770864443338311,0.007908854598750069,13,0,1378
0.13274877805903323,0.0025731074167825896,0.0044316739260982264,0.006765334123889231,13,0,165
0.0566119144986961,0.010444792393130155,0.002615946964660293,0.04409390272693475,13,0,3483
0.07681533448216721,0.0065009841313917495,0.0022541100757086973,0.02891141184061155,13,0,1018
0.06423931827662237,0.003014321752775957,0.0012414834237133266,0.02369743559183998,13,0,961
0.08423363651716567,0.0010229438587179426,0.003339043161475548,0.002509107577987406,13,0,198
0.04871478873239437,0.013257042253521126,0.002623239436619718,0.023829225352112675,13,0,3343
0.08260209260499943,0.01859281562785145,0.003096470924728709,0.04780565603368811,13,0,1621
0.05725776420644969,0.0022715424145378716,0.0033514560214493185,0.018634095479258213,13,0,1039
0.07813761976403516,0.0028980916937208015,0.0015836566632354105,0.007775754216485866,13,0,344
0.07938877411583371,0.0005720663251538642,0.0005353677307100315,0.0028538554032204095,13,0,311
0.04219568949936743,0.00602069401771191,0.0054671968190854875,0.00720675944333996,13,0,1097
0.10676545609133974,0.0018320579780557917,0.0027000080974938258,0.01211081420300417,13,0,166
0.08111259224789859,0.0047369239688352825,0.001681383053252795,0.02689698700784517,13,0,461
0.016153807209396517,8.606723369785339e-05,0.0004040097205346294,0.00040299716484406645,13,0,44
0.09489952316076294,0.002261201937632455,0.0015232364517105662,0.0024504238570996063,13,0,259
0.03533457332912336,0.003069918250491532,0.0050254322959645305,0.004916645218807959,13,0,377
0.022758839548631355,0.0007734374423427479,0.0003365338489582949,0.001524734499885608,13,0,690
0.06041962102348225,0.003310740645622341,0.0015799993300356198,0.004226358631932736,13,0,1188
0.0540443117167491,0.0003751295235488475,0.0002651566990557,0.0007148233592054585,13,0,102
0.048311311093689496,0.0005687645073379406,0.0008527807606804385,0.0019207697133265843,13,0,349
0.10477761647089877,0.005292332057542563,0.003985746337600633,0.0248515243500066,13,0,3366
0.10710889809101277,0.01251331966987074,0.003712961390055088,0.12807400331364707,13,0,15135
0.0732474890878675,0.004044379210224396,0.0033072894967920573,0.016991520263557644,13,0,215
0.12042824188174057,0.013461424712632347,0.005195291705278101,0.046959719237366665,13,0,1264
0.12859335767227068,0.007910514464107983,0.003672430432163668,0.04978615271351804,13,0,216
0.1099400102224733,0.002162860140424502,0.003992144836305921,0.006337933446318564,13,0,336
0.040266128891246186,0.01058453934522734,0.004566622564419395,0.005767291675166549,13,0,817
0.0663153716655489,0.004119732285835512,0.0052776371077015724,0.014491603137018737,13,0,1361
0.03605007953501714,0.002703321347546294,0.007226241629989772,0.0023585247340864772,13,0,299
0.07811791678607717,0.026339785842690776,0.00738347706015684,0.00997316520334523,13,0,905
0.09502006768840035,0.0012232843437079495,0.004910612865456198,0.013293023201626385,13,0,199
0.14514558847492467,0.0012492740422580524,0.003350895591608555,0.07331024195805949,13,0,257
0.0898069499316244,0.006628477508706385,0.0027011187119877684,0.040408606768457776,13,0,1834
0.05831028459130941,0.010035300968047165,0.0034209185530242377,0.04247943809593129,13,0,571
0.04791942154573334,0.0034409025687195793,0.0015108460174999296,0.002338013110879779,13,0,501
0.06312000881427586,0.027324255173286214,0.00687187062601762,0.04574037876902109,13,0,1340
0.07087355221897527,0.018091084160118946,0.0053067180203015575,0.019732133324370172,13,0,2039
0.03221858416450194,0.002324017552520734,0.008710252767849898,0.0007632128648810694,13,0,132
0.08285316458562098,0.012599477002841392,0.0030904377554139264,0.03594190429831214,13,0,2725
0.07892266283151812,0.001508092263286942,0.002948769806195163,0.008247067459663526,13,0,482
0.09900722907330477,0.00377809034706094,0.0022488633018219882,0.007899643452945602,13,0,260
0.10907884761182714,0.010740459944402325,0.003622272765563137,0.02040687389436442,13,0,981
0.1359962647595683,0.0012689405647761621,0.0012331499334619627,0.0054743397441945965,13,0,91
0.06761262859169918,0.011724015608371764,0.007413976587442355,0.04343738914508691,13,0,1034
0.10934957636049404,0.009728955022551954,0.0027610335960881844,0.02901403701049614,13,0,1932
0.11903848399419487,0.04253757485779105,0.009758620114434418,0.1297479440172152,13,0,5049
0.03457160562277812,0.001326332039616016,0.0014241762064729352,0.005453906337765312,13,0,227
0.06838450843598998,0.0020204232146214187,0.0031504554215722527,0.021586300786890802,13,0,474
0.08627860532439216,0.01938474504846186,0.002656699463163488,0.03596621411165467,13,0,4441
0.06498744747104755,0.00920171998056899,0.01088072576585632,0.008607105443644066,13,0,134
0.02748743972820778,0.005898949646055238,0.0025684831550313084,0.0022182354520724934,13,0,1353
0.0609252191749751,0.0016962022819837677,0.00477796514896009,0.004723726122501307,13,0,302
0.0652970199785078,0.0035935893139826445,0.009579053187432837,0.01054966895069503,13,0,512
0.056045933670408776,0.0009569514668494873,0.0016818064958436885,0.0028851372582626334,13,0,89
0.032221171399036665,0.0019134757076561023,0.006180306595992698,0.022455847097895176,13,0,710
0.08300858694817986,0.005491553751566884,0.0031934578881394377,0.004924491135915955,13,0,496
0.1356660887493557,0.009207628508504756,0.005757696452837261,0.06900449838339347,13,0,2742
0.0025003828242322664,3.177330803824977e-05,2.868423642341993e-05,0.00032920677495186566,13,0,882
0.06069414909183136,0.007465646968544134,0.007355092962912382,0.02644191687639412,13,0,426
0.05530815514838359,0.00245889564990765,0.010832738439224485,0.014220802030571892,13,0,1107
0.2503832817146326,0.08936380380091988,0.03418152633582681,0.2811178449792668,13,0,1518
0.0903510093401627,0.011700311338756654,0.00213731545646279,0.005200487094506378,13,0,228
0.06176652254478073,0.005517809347333745,0.0017980921007480612,0.031144053256468327,13,0,639
0.08122955765139246,0.004223428916198279,0.005064939188974628,0.025181797974024325,13,0,636
0.07495711166562695,0.007096069868995633,0.005127105427323768,0.06654514971927636,13,0,1099
0.060946048895352864,0.014786342544497542,0.006440889258258882,0.01651083870074105,13,0,813
0.15651628885672073,0.0075363010938829115,0.005909653927084421,0.0416212747541375,13,0,448
0.09241778677526423,0.019667616110731857,0.02065629340175608,0.048245097808432,13,0,804
0.08543107454756074,0.003052100747071024,0.0016925285961030222,0.004196638527222658,13,0,325
0.035868765864574846,0.013925241774143808,0.010177050632210721,0.010509168834660488,13,0,589
0.12383667681035247,0.002141991904747836,0.003929447218364995,0.017305817354566135,13,0,69
0.1370721516953238,0.02585286082937112,0.007297407151837113,0.04982465427115728,13,0,184
0.07899728720908887,0.02500662900034675,0.009504966651029024,0.039549635914904034,13,0,2903
0.18472227010998862,0.004947764024411268,0.0033444816053511705,0.07082025997310623,13,0,1824
0.32166430928807166,0.0094000471475719,0.011256482791136257,0.5181812824139557,13,0,321
0.08057909182439671,0.008689135821766975,0.002809027506401916,0.004018150639272135,13,0,2360
0.08056519971223922,0.00393325200963373,0.008789215226298833,0.013973601075975102,13,0,286
0.07866394410746101,0.006095729986187016,0.002692530979120373,0.023802374231777872,13,0,883
0.10632541819009736,0.003803554448417641,0.003629448082821059,0.0542676148767193,13,0,798
0.11975217310893287,0.0031984682165819905,0.005798583535504085,0.031348252265581654,13,0,204
0.10233073162827126,0.0020795635617252275,0.005455478434655792,0.06430442649958139,13,0,728
0.1398412543587993,0.007028944865761174,0.00543173449730547,0.07525787022360945,13,0,632
0.033542066868242515,0.00937966095793023,0.006799412683028745,0.020226453638521494,13,0,2270
0.2434507388635829,0.005052287162378905,0.009698252817518873,0.07460276726331772,13,0,212
0.07165922412672548,0.00016938900209919542,0.00036027147274269965,0.0031585163775112815,13,0,186
0.10656374969139505,0.0013378699054796181,0.001160164225434887,0.03541928068548697,13,0,259
0.0895660081447606,0.0001904397907139186,0.00017791952765660213,0.0020902249693583036,13,0,107
0.1798340293974074,0.03558062591527906,0.004699048849398689,0.011246160142401396,13,0,121
0.06654893359197035,0.006166896026978409,0.003879555307147118,0.009454654761848848,13,0,596
0.09100099045261399,0.000606456821116081,0.0008353311402550646,0.014785842179332449,13,0,102
0.09985080355260526,0.003219075522592991,0.0032298868593607258,0.015038569443918893,13,0,175
0.08264925130420077,0.0028802997385093732,0.004501281434165507,0.003267982359139813,13,0,282
0.10470923412099882,0.007281716105245517,0.004834925423160717,0.019574325456678397,13,0,832
0.03766178107771258,0.00015593189892619056,0.00022883872455745834,0.0010330315046194651,13,0,178
0.037549642541504946,0.0015566870737019692,0.0014737818158988138,0.00197523788979557,13,0,353
0.029491233698447375,0.004791294296175214,0.005146733069554988,0.0023174811714202783,13,0,553
0.10007728524259336,0.0013765512338429478,0.005148328421802105,0.007461256181412028,13,0,96
0.037585935113413176,0.00026258665119653033,0.0003111021389436972,0.0007669284447264007,13,0,129
0.0821270622922025,0.0006296656420550781,0.0004265729878928549,0.0012914810865064926,13,0,180
0.014289479215281682,0.000377919573035142,0.00016680265217777323,0.0006099453389737284,13,0,693
0.09571518024868056,0.0012948751977874206,0.0015764335646902344,0.0017978674886606767,13,0,140
0.107385839756617,0.002920433421023059,0.0028635682361908992,0.01315278185838132,13,0,119
0.03787671051118522,0.009754447107942434,0.004953516554475413,0.011049216725194823,13,0,1217
0.07536184375948728,0.00039560218512468733,0.0007267606997912099,0.007095136365414237,13,0,97
0.10475164982063097,0.00028496586649730493,0.0007203881637243305,0.008677938649830338,13,0,93
0.060804543679953055,0.0005744253881101404,0.0006813530577583484,0.0019595117135532063,13,0,372
0.058906499446047554,0.00039083984864411665,0.0007013053735751287,0.001956300532729423,13,0,220
0.052802234646739214,0.00010944873793304009,0.00033150035610266605,0.0006141115065003719,13,0,118
0.10032485940850709,0.0011623751960780204,0.0030706272213828585,0.02716230904085644,13,0,160
0.11375262698953123,0.020624929579534712,0.0016340609706511995,0.003071863166300072,13,0,78
0.06052386099789284,0.0012451923231746394,0.0005818053785867711,0.010315774332507141,13,0,415
0.03632193651899703,0.003319848298910619,0.0007367577775657257,0.0054313694596148,13,0,2150
0.02969176474678813,9.874654474018184e-05,0.00011960849081205125,0.0003584777733349559,13,0,190
0.05223154937601226,0.014518190253207464,0.0009981039863121554,0.017744369445887215,13,0,440
0.04508923010488378,0.0002898213737034853,0.00035417998820784095,0.0004305798918775276,13,0,139
0.1132462129067339,0.009186670999283159,0.001592889719125617,0.06191613774454654,13,0,161
0.12317718769113956,0.0009628161052875793,0.006544618564528716,0.003837555100921688,13,0,255
0.1344107232928979,0.000834011696140074,0.004339857269136074,0.010877110623910665,13,0,121
0.06867877615026254,0.0022390870830971492,0.0016794657481655853,0.024836355890285336,13,0,184
0.090516774011667,0.0026601319945929926,0.007011760964008703,0.007879195310071635,13,0,168
0.02785831518580725,0.001610286933142598,0.001305025321386833,0.005879479139392159,13,0,683
0.10037033354873987,0.0015061887955460556,0.0016105781180096436,0.031204951036436845,13,0,781
0.0023282460298030406,0.0007481206885195785,0.00021126331735602715,0.0007717324710476051,13,0,3487
0.052519937687765396,0.0007166693088661296,0.0009498816250967896,0.0011739226704644463,13,0,240
0.021286346996725707,0.002260491937329572,0.0003737776034760167,0.0030569257539669304,13,0,918
0.06401892904159955,0.0014616641782406272,0.0026015660407343244,0.002619223728793607,13,0,353
0.04009124634208162,0.0045051729302518495,0.0008696052904444803,0.021126293232562963,13,0,13514
0.07047033782639793,0.00020127224792594562,0.0006936550003628084,0.0006271401373143198,13,0,45
0.0438416400680218,0.000506332098448879,0.0013969814590498759,0.015928535851436623,13,0,346
0.009349120727785593,0.00017943577417675531,0.00027026128950079193,0.0009488681885478625,13,0,411
0.035904889113792963,0.0020033461018697765,0.0009769597545930446,0.017428169627358797,13,0,650
0.03684090601307386,0.007925572277048945,0.0002106607223083256,0.0016476677923401182,13,0,228
0.0746037412364099,0.009026467438421133,0.003477913850701856,0.04725235496819973,13,0,2237
0.03195110456113052,0.015480563265082204,0.00914753000065666,0.006790201960505612,13,0,1852
0.15233432418254939,0.001589597672829007,0.006536425630672877,0.08062121477054157,13,0,188
0.05738363223183345,0.00036090121608460475,0.0003832669252504112,0.000996290681022289,13,0,101
0.1084928027184707,0.001898808040600427,0.0013394692379429369,0.06197410850121383,13,0,201
0.025668065947333816,0.00037986111933127224,0.00037986111933127224,0.0007952333348039949,13,0,122
0.03321953735850369,0.00040920182459963715,0.0004694808469202636,0.002751969211330138,13,0,195
0.06418905733639146,0.004355754106380603,0.0011472542593175834,0.03332210887842282,13,0,6955
0.04699651353982766,0.002684937926465182,0.0029135980026582745,0.007944927665041268,13,0,638
0.1111079244732053,0.0009568604548085497,0.0007808711341012551,0.008993706100441668,13,0,1371
0.15198311866584888,0.001306989105990245,0.00333683810858962,0.003840649551680832,13,0,153
0.025907450933776385,0.0008387388652039113,0.001163676859136056,0.0003816359591790291,13,0,212
0.04982172487143829,0.0012823678749518028,0.0021445003314227787,0.0026730438474502106,13,0,450
0.029531079896222213,0.0002894276615285375,0.00046724596338267163,0.0008389618816203031,13,0,273
0.010416733974587906,0.0003316352236075381,0.00015525208730231773,0.000702389083385739,13,0,186
0.10910957408565111,0.00023287845239192321,0.0005425528293694183,0.004956450484063393,13,0,174
0.1127786400073877,0.022216727784016944,0.004084088735838996,0.04480284069075018,13,0,975
0.16174470521716228,0.040963609576228605,0.02688808526665606,0.04230972176153274,13,0,337
0.13724622479666912,0.0009603959090900531,0.0043914573725451055,0.0707585809491348,13,0,253
0.00909233580163014,0.00017637547675371216,4.715344378517611e-05,0.00020337172319560688,13,0,803
0.04524788974494449,0.00014806890285314024,0.00016992409146614987,0.0003841049398736442,13,0,185
0.07228513449138588,0.0009114881262729888,0.0020105252497214896,0.0027494682985930072,13,0,356
0.0841039189784236,0.011137968402084876,0.008759328484447234,0.055089456639528314,13,0,1018
0.09944273383317857,0.012603763207455347,0.001497063808289315,0.04862753701331908,13,0,1213
0.1549429012309544,0.0003605991565726221,0.001319465095640731,0.009641344332388127,13,0,114
0.04108712534790473,0.0009385420497787157,0.0014063735929966338,0.00451565400330649,13,0,158
0.14414250106389445,0.00945008477381266,0.0017900446497929627,0.01417512716071899,13,0,80
0.09400907216764086,0.0010038472650466912,0.0025561379139237696,0.022673890014249735,13,0,285
0.06916215095980491,0.0007374312472505257,0.003126454201705246,0.0025250663052405935,13,0,144
0.11131109938134087,0.0012575003687115278,0.0014884302203730583,0.024891424157979306,13,0,473
0.05823091744906869,0.0062423774437283955,0.00341586742585523,0.03723054940138126,13,0,1214
0.07857836797982333,0.0014566323740405464,0.003924672032529741,0.003775405817522052,13,0,293
0.025171305278448207,0.008128781916798337,0.006571001410094823,0.006342392063007163,13,0,1800
0.05135382154689821,0.0002752303106467393,0.0008828142039612393,0.009503235254406281,13,0,155
0.044663479202194344,0.0033983483362432436,0.0017994876014442672,0.008214008555566565,13,0,841
0.07969326802720039,0.0012661655323532273,0.0013220541174951508,0.004724512637083618,13,0,579
0.05633601094916769,0.00044506091143789813,0.0007586113430298609,0.003137177477240823,13,0,321
0.13975696388499456,0.0006225952817131672,0.002356008044468532,0.02925973868914579,13,0,86
0.033622908406467075,0.0010144321130997629,0.0010965015546104864,0.008237888366723936,13,0,944
0.03573013610719505,0.00033865717533111857,0.0009793738708205864,0.002539155625085373,13,0,164
0.05738758382810912,0.0008266096919299826,0.0006947915350773608,0.007804733370315649,13,0,170
0.10380476776464528,0.0015525284033998225,0.0014756174341069741,0.015500243253298228,13,0,235
0.013433364048760943,0.0017703695283609812,0.0010972098943985863,0.002702312686277782,13,0,990
0.0501655727992137,0.006390972263685591,0.0028590587381561484,0.007800981954631675,13,0,792
0.040210629596415234,0.0015038570872812072,0.0033071415290806686,0.0009968466790071556,13,0,259
0.03858031021288315,0.005714386166403957,0.00585501913194302,0.005440151883602782,13,0,800
0.04072752772796495,0.0018186080994594869,0.0005386121548921825,0.005200247550370797,13,0,1290
0.04318307828786871,0.0018185850521179863,0.0021512530494566424,0.011043191394987802,13,0,979
0.09674633405758234,0.0013363757852344112,0.00610914644678588,0.04210947372248838,13,0,1224
0.12818451391002186,0.03994168477222383,0.004045265072434024,0.052881437498673044,13,0,382
0.22093749188716075,0.018921922653272395,0.0014266234641236342,0.009159318237168115,13,0,208
0.06321140552995391,0.0006826036866359447,0.0006883640552995392,0.01630184331797235,13,0,149
0.1205018740664644,0.0005822730500848094,0.0005489622348625662,0.005943315651952614,13,0,500
0.06029562060496972,0.011007215095260613,0.002422319508214226,0.0266333114694083,13,0,3654
0.0727461356518777,0.000909713807907155,0.001541997163757518,0.006920276811072443,13,0,231
0.057909069675827075,0.0002717510632976323,0.0011525554464449934,0.0012461090911868012,13,0,76
0.09879378138172473,0.0017791737926768833,0.0016202857217377511,0.038519578363756274,13,0,381
0.06820611812552126,0.0003980092301958748,0.000549976390816118,0.0041284411968499374,13,0,93
0.12863820740731394,0.0004268678623172406,0.0008478478920507952,0.010960620914001898,13,0,102
0.09220753154569393,0.0009230247810520319,0.0014193909719042313,0.02963294140835794,13,0,107
0.014607933940039687,0.0002623996832875534,0.00011424619505185678,0.0005584011886491824,13,0,298
0.07339859629250849,0.014078030035315015,0.002779097442762294,0.0743674774220273,13,0,1472
0.02406491890479747,0.00016839179206082445,0.00016507554232658502,0.0013876662776828553,13,0,113
0.055845890971224985,0.007263056004944286,0.00339919655354189,0.007063103266500646,13,0,1237
0.09067774247545125,0.025096822257524548,0.0018891335174266736,0.07155751228769737,13,0,2545
0.05265406024774393,0.0001401215441394164,0.0001672418430051099,0.0009501790424016187,13,0,57
0.07722725326929979,0.0010413618851460717,0.0006284204594099478,0.0012827848827404898,13,0,212
0.06978980729299479,0.022833412261848384,0.01358784743725183,0.04176897016502131,13,0,253
0.03584331621981365,0.0072773205117757315,0.0015103360226007118,0.006095672724309348,13,0,1272
0.05332997320900874,0.0041551537406884055,0.002166080144965364,0.012786473099504682,13,0,740
0.0393031936860328,0.0004655292933087272,0.0009953883594127381,0.0015272577309166015,13,0,137
0.07429073674373067,0.008406577512738924,0.005138959969738101,0.03275961816603992,13,0,9691
0.09564166235809005,0.001140377067206513,0.0031982989011309104,0.0261733285756938,13,0,183
0.051030192089236044,0.00021683669147865684,0.001345065101828543,0.0008857391638525491,13,0,26
0.10527142237953424,0.007785654133688684,0.002142426168574093,0.04497481681288295,13,0,608
0.07902916887047531,0.0005798083668924268,0.001949444575796093,0.008174653741664449,13,0,222
0.07081343302937897,0.0011092605423751421,0.0006484195237265967,0.001878100834793821,13,0,239
0.04128473411428087,0.0002919390694094616,0.0006723445234884571,0.00037071627861518934,13,0,58
0.05556505147561958,0.00030622022356303376,0.0008490651653338664,0.0017643852517659163,13,0,204
0.004049620462660072,3.4256446434291985e-05,2.39527496552276e-05,0.0012646784189472406,13,0,1283
0.1504766640211893,0.0012430556219580995,0.002256624052170088,0.013214637458046873,13,0,137
0.06481700159344643,0.0004459615684751261,0.00038302472559695436,0.005265397991297551,13,0,291
0.07547747931774078,0.0012364807454522933,0.000767096139094305,0.010541595951123155,13,0,314
0.026928391572246947,0.005311873194888588,0.0022001841635633204,0.002297970126388357,13,0,1309
0.044574260931138254,0.0009961537842578735,0.0004980768921289368,0.0031662884822736123,13,0,1462
0.06473711611451348,0.0035393598083231638,0.0023595732055487757,0.004707950334202895,13,0,1126
0.08962236788676838,0.014242373214493892,0.003096951651172522,0.03924832889074615,13,0,1185
0.05903442370515348,0.003277591491933743,0.0015452530689193662,0.0014607048800495057,13,0,149
0.07480228098163674,0.011684939411425274,0.0018541461593292827,0.025847730898475953,13,0,5473
0.12653790161299686,0.0006658691413475142,0.0008127018237985045,0.0038187879815742057,13,0,120
0.046608428549068714,0.0009694396619189231,0.0006828142119267491,0.003119619658788543,13,0,472
0.03523061327927015,0.003958438925494172,0.0004541307653319818,0.005946274708565636,13,0,736
0.040687649763814164,8.85792348892225e-05,0.00031231816439389657,0.0004917674764539595,13,0,144
0.06893948289654261,0.007569224785151807,0.0012760624986239441,0.03166396348131133,13,0,1167
0.01945498058779043,0.0004760358709970563,0.000415489885070943,0.004126569994909138,13,0,349
0.13373908701329001,0.003968854926005209,0.006071297497670395,0.046436557669822374,13,0,295
0.16955028704381125,0.001249019569071771,0.002089388936125337,0.01257258484435041,13,0,2018
0.07644233105294816,0.0003552106214677906,0.0004540664076309965,0.0019134458948878155,13,0,194
0.01300471642406105,0.0006709031562601295,0.00039450110686457053,0.0011194283000520138,13,0,316
0.04714992105437321,0.0017097006999530423,0.0006807287579536537,0.0026882482895114195,13,0,519
0.022753981420832955,0.0025253515268288717,0.00036431614226497546,0.002004216887630941,13,0,554
0.1142185745024985,0.0064285308775417745,0.0028708538758753653,0.01957501566780469,13,0,64
0.07464809823300389,0.014694250543307147,0.002259620184148486,0.030958908317398882,13,0,2510
0.07984495481074147,0.020165827575815382,0.01027644380303068,0.03646934899267627,13,0,1944
0.02285825439477422,0.0032502782075292456,0.0022166128346406827,0.007484461091659202,13,0,720
0.10153603223435245,0.0022988756091584764,0.0038354523427077945,0.06544009147586508,13,0,466
0.0835300709514546,0.0012114540416427208,0.0015640078533160295,0.009725808467946833,13,0,77
0.08730882433784962,0.004757412951646639,0.0013638731554335467,0.0016684104115092396,13,0,147
0.06288469819104459,0.00022455678971761405,0.0005773656016038448,0.002027493159120478,13,0,143
0.03303007349647997,0.0025664946038599585,0.0010216444140817688,0.0073475840689517105,13,0,1376
0.03412336467947995,0.0015685397329507956,0.002468809444143533,0.004725953832986104,13,0,424
0.19315088914918538,0.0007411351293791929,0.002121179853050793,0.018311148972420404,13,0,149
0.017792592323481862,0.004163971031057914,0.0008174238433452616,0.0063535490866511194,13,0,416
0.03975988542529147,0.005759505001454562,0.0019524693982590016,0.013465884932978272,13,0,1462
0.030004744330944372,0.0008495011454970142,0.0022455100295715965,0.0007067513648698388,13,0,261
0.09272521839939504,0.0026687538067257303,0.0008312270676957209,0.006510052698324893,13,0,189
0.04794345812358295,0.003930910828689182,0.0012001135436765873,0.005745453761493603,13,0,992
0.12307192865534844,0.0006003215456175669,0.0012813730272695418,0.01689746267528702,13,0,61
0.055223903307449244,0.0026272944446416886,0.0022063186938593334,0.008110123198807067,13,0,509
0.07271794953479553,0.0008135794247723907,0.002250208755413397,0.00563501773272323,13,0,114
0.05899526186674435,0.008634465154041714,0.001412224509927377,0.03121520678144432,13,0,2256
0.027400219000833812,0.001274156227292058,0.0006672158430694943,0.000485552307378051,13,0,118
0.18464433934948363,0.003101373741273365,0.0031818035582151013,0.003857414020525689,13,0,68
0.08341453811516653,0.000466935397913546,0.0005811088786381417,0.0017414300664671729,13,0,138
0.06294056127925504,0.0005248821723228547,0.005163146772023878,0.02133601715862471,13,0,284
0.01993059314209303,0.0003415664576893635,0.0001941426370453221,0.00228610741590267,13,0,443
0.06697695520127683,0.0024740397184555857,0.0025861004444894136,0.00783881098129837,13,0,724
0.17465301204186695,0.000976580445814224,0.0027446635916633633,0.03234922726759617,13,0,95
0.06156991755525689,0.0005129513040139156,0.0004570711340235728,0.001001544585211528,13,0,139
0.07095650459273378,0.005118556616330085,0.003596956800368076,0.0288380958640748,13,0,892
0.008571081613887357,3.9042976269047445e-05,6.803812776297239e-05,0.0003025830660851177,13,0,108
0.06198734238291302,0.004020844055584148,0.006632382269686052,0.018013381369016986,13,0,957
0.04337684517692999,0.0002864084120427061,0.0003880542810116517,0.0007575793671591726,13,0,84
0.08979464006084739,0.02339940047425171,0.003902385675013298,0.06588817800844109,13,0,1659
0.0076785494138976425,0.0002308094360884339,4.88402219709314e-05,0.0022175036265834175,13,0,2474
0.05504527323628112,0.005221215937176611,0.0011873374963674954,0.009821908966316252,13,0,2795
0.09109527652619669,0.017688186651634175,0.005184992923103128,0.008674775019567925,13,0,562
0.018603217381933556,6.0437432707395527e-05,8.761828868691204e-05,0.0026045655523901407,13,0,125
0.08391242326310897,0.0006107853854845179,0.0010349862015129297,0.012247203822910512,13,0,180
0.046030893637803647,0.007391155896609177,0.0010000021609987272,0.003894119706363493,13,0,910
0.057708141053277075,0.001809313176936043,0.0011206068708765169,0.005918205036816605,13,0,1092
0.07530545771506925,0.0007467593701734622,0.0010041747162059527,0.005464341602907519,13,0,195
0.05312519834253643,0.013123475595934318,0.00984799028008233,0.02678190934726038,13,0,2365
0.02895339733187383,0.000352634406522794,0.0005424394695728509,0.013949047090831147,13,0,861
0.08924535633077134,0.0021335932883776642,0.0030808351362349895,0.020108197090680013,13,0,238
0.03121403791716016,0.005153340221253433,0.0024149719863249585,0.008328503389360684,13,0,1272
0.10531717571410906,0.002129961666872759,0.0014962285149004576,0.029429949301347843,13,0,304
0.05209236494181496,0.0022902206329195,0.000760803170690175,0.008514121725382863,13,0,591
0.05375195308632429,0.00020933502184344947,0.0005921729446742624,0.0006949545544982984,13,0,84
0.10884663053239098,0.032599020861730735,0.010545403269896322,0.07964713420230411,13,0,2081
0.08527642094453149,0.0009084565454952404,0.0015983568785959737,0.002419917580609061,13,0,341
0.05195506937069296,0.0020612715076292493,0.0011349717190156114,0.011733130655772748,13,0,1023
0.059360816848765104,0.0027113273792432964,0.006339443579707736,0.004364821503231428,13,0,617
0.0349663015413347,0.001903776763056266,0.00046085082319226734,0.0024602189142032614,13,0,795
0.1804620276842499,0.0011535104127696721,0.002634368375109116,0.0610529159911876,13,0,229
0.08901869284778989,0.003637264992267444,0.0028505380457918192,0.044455461016602096,13,0,241
0.05898578946521396,0.0006716341846779428,0.0004892415147174791,0.0007059669225528536,13,0,214
0.14777305907016397,0.0006096765615394981,0.0016921046885280636,0.009094702371901261,13,0,80
0.19574754003687167,0.00040536638457608674,0.0031901779169720796,0.009231802936407454,13,0,47
0.035416764706053226,0.003837915185908821,0.0010724782672097612,0.00890226678681212,13,0,1250
0.061873669940255685,0.0005321815344357394,0.00035688951242965464,0.0005038069265570566,13,0,92
0.060525699448478056,0.0009839180052477212,0.0014314128544203194,0.0007646883288730477,13,0,255
0.0509910643354715,0.0030332674593430546,0.0013163855532430356,0.009802312374024201,13,0,626
0.0502229199810697,0.002516472328409244,0.0013429335326486525,0.011082257734965344,13,0,419
0.07561525202044554,0.001182468536197324,0.0020381351573937837,0.031637051458900646,13,0,406
0.09070743466644829,0.00028201164897482877,0.0003879579490434124,0.0011270229601498603,13,0,65
0.1990223052608679,0.00044533739426436147,0.0023700139487861996,0.027339620951332813,13,0,24
0.02917677119545559,0.00287767476751417,0.0008241019071054512,0.0020018994435307557,13,0,213
0.011033832293039388,7.480092322818002e-05,5.125951591778834e-05,0.00043842706947955267,13,0,151
0.1156620496489276,0.01914783409430994,0.007717837547481104,0.05632697694049035,13,0,443
0.06054509215085465,0.005592776362534661,0.0018178088905102861,0.02152404721605935,13,0,907
0.026569817288741176,0.007342266794645389,0.009478851060777367,0.004677941091075534,13,0,680
0.051028050255452304,0.009548794187653068,0.0018680084189503859,0.01070231090718925,13,0,897
0.036593101385975324,0.0603549437952798,0.00680527930189252,0.018848177027878086,13,0,13612
0.05504696937034371,0.0008960900876542353,0.000614748857279613,0.0009006573154200571,13,0,170
0.03433808930544611,0.0004226226376054906,0.0007781099082996923,0.0010862722482203626,13,0,156
0.09995856882036115,0.007741088827259734,0.0020033660355515204,0.008463458294264458,13,0,109
0.048584691714568695,0.0036447196689900307,0.0025084927753556783,0.03395953088408172,13,0,251
0.054584918644464075,0.0025393098910157603,0.0014618808247755658,0.019802278509387733,13,0,614
0.10835760867979399,0.00013738468197269815,0.0012036357093183289,0.0015872186045606852,13,0,32
0.06226691753972212,0.001229860781349032,0.0028610654687279582,0.011454196130011583,13,0,71
0.14717463262039865,0.0019687545467772442,0.002846282554925069,0.05450221882729522,13,0,162
0.03880534410579479,0.001855117234228128,0.0007146836894600357,0.005331324298075305,13,0,923
0.060280172669144275,0.0048459524251484,0.008108182827082042,0.009245619093131544,13,0,617
0.10899289446212701,0.00114997016466295,0.004428662878579761,0.009002988644683496,13,0,49
0.06059632815033275,0.004413013603446412,0.004706390994858175,0.031286382656763895,13,0,995
0.1190006359541799,9.814107714412082e-05,0.0010795518485853292,0.008364236868069605,13,0,60
0.12605192650060362,0.0006640530047379978,0.0008093570364495843,0.0062480733635982165,13,0,161
0.05517547540425325,0.002745699013007863,0.0024583584186233195,0.02113093609180304,13,0,2607
0.008936892268962942,0.00011379149928819462,0.00010040426407781879,0.0025508768182679778,13,0,1497
0.060644900332435886,0.0045875309156944285,0.0021479824217680195,0.014346567567909193,13,0,1486
0.14339849614093458,0.006924445828928575,0.012725471157255672,0.12162269640803693,13,0,173
0.08009020905354679,0.015591724901952056,0.0059367844231121136,0.017262372834413963,13,0,7402
0.013708930442983073,0.001010264370013001,0.0008975460307392013,0.0011978948974998233,13,0,359
0.050208381490322446,0.003637426124317887,0.001675291058935,0.00661877287218582,13,0,2196
0.008613809470304429,0.00014045087283833337,0.0008023575317418972,0.0005403528125925699,13,0,306
0.10507192768333742,0.0004037082240654288,0.0009044938817784318,0.003964776290075406,13,0,112
0.03570401760044001,0.001168779219480487,0.003346958673966849,0.0029719492987324682,13,0,532
0.05346291932610955,0.00020873534214041858,0.00028643127504824104,0.0008453781356686953,13,0,107
0.11502712582884476,0.001489976082602524,0.0009066249246504754,0.006532317654150544,13,0,171
0.05772215026312002,0.007034784404272494,0.0011622959333721288,0.013148179434714323,13,0,962
0.03961147389014472,0.0008129629575475422,0.0008831468099976898,0.0010805388950137298,13,0,407
0.10712766755898026,0.00047784643866803433,0.000682995171499337,0.004345650596682595,13,0,158
0.16517693777699471,0.0007149343344672892,0.004953715625550601,0.01624696745862868,13,0,112
0.1107613681422774,0.002310588074036725,0.002246948995726391,0.024009066121002363,13,0,792
0.04354934898545597,0.005918054632147535,0.0016207594170972999,0.002268492494000622,13,0,582
0.10177094812102491,0.0005553193520117312,0.001917587137415509,0.00396243495966704,13,0,297
0.10612405808327945,0.006356100715493601,0.0033129186536685904,0.08279530105024363,13,0,1495
0.049255140251183084,0.0037508673880834943,0.001495345798715953,0.01985834224164338,13,0,2032
0.05104524245456722,0.0092854940637256,0.0033793617794527224,0.01274925376733387,13,0,1428
0.047656835691385006,0.010044981098368239,0.003289840971081301,0.013083597849839696,13,0,1440
0.04832688066492084,0.008201723653577275,0.002607760638830318,0.026143478499536636,13,0,1719
0.0025226051287012318,9.043103004097787e-05,2.9793168811950076e-05,0.00040693963518440045,13,0,110
0.023431996196465073,0.005273240257779721,0.003381883929717893,0.0054172609689991085,13,0,3092
0.08057502922875497,0.07015339075451787,0.0048079659851732485,0.02812528736135499,13,0,4010
0.08389204278424651,0.0032383044418206096,0.004040476874128458,0.012811582185334023,13,0,773
0.04054741349791122,0.0024896165265418098,0.003327545713468503,0.001755924924767656,13,0,487
0.06188295787229756,0.003233098474103013,0.0018510231815472308,0.0038192833353423235,13,0,302
0.08801234707480024,0.0009702024278724171,0.0025924650240710116,0.05746806088348894,13,0,1487
0.04466239426402969,0.000962189836157955,0.0016156396314303356,0.0017055639151834156,13,0,532
0.08819838268144033,0.0019461628394515827,0.0010711050627422866,0.016490152559132585,13,0,965
0.06328453932329878,0.0004920038489504644,0.0018548109703796266,0.0006291553643658593,13,0,119
0.04381005453065278,0.00011092323122013574,0.0006444111528026934,0.0005420712668555443,13,0,54
0.039327841237138894,0.00012175066035465586,0.00026014691880467487,0.0007376377898830909,13,0,148
0.0255361811562332,0.00037567805307139716,0.00020387406538630698,0.0008009883692518204,13,0,173
0.09151169213772786,0.002009849559518777,0.0009258274745138109,0.03866950552514127,13,0,750
0.0316094503089979,0.00654746064131321,0.003326532422602679,0.0033793345245487533,13,0,581
0.02335978312529129,0.00235464720719252,0.0010129847421227454,0.0054849738405400306,13,0,1472
0.08554628689686287,0.025736466041890414,0.00660902770626035,0.038755089997531626,13,0,971
0.026669671004436544,0.002427134520252529,0.000883810323398441,0.011435003415890889,13,0,1276
0.07014458542342875,0.00040916691256024393,0.0062988098750860625,0.002222877938428248,13,0,184
0.03023594786173256,0.0035940782974944415,0.003130741435507692,0.001753601317935963,13,0,210
0.07805388337983968,0.0007149900789128312,0.0008445520395211966,0.0025336561185635895,13,0,108
0.07826446508807233,0.000964798632742509,0.0006340105300879345,0.0025268535619446665,13,0,166
0.0749586280753857,0.00012201857950763324,0.0006732810904974762,0.0014555073412696252,13,0,74
0.06939866985060489,0.004149316176905922,0.004144382388348365,0.04838566438396716,13,0,5972
0.13639751645040651,0.0005615740409846946,0.0014786569376671378,0.008324290908348332,13,0,185
0.13935964513193813,0.0037439338792841976,0.0029603932868264076,0.00477075118794864,13,0,166
0.06443542728132531,0.0008745970243361707,0.004179760197699606,0.016124111419593006,13,0,174
0.057858995042384405,0.00030378716024746197,0.0001394345953666361,0.00041088141220206457,13,0,91
0.06902544656963884,0.000693321437201435,0.0015632260822691871,0.013634082417888809,13,0,150
0.09377358621214954,0.011144809821558403,0.001284474819446464,0.0026901265086520286,13,0,287
0.017558383841877277,0.005767052577881148,0.0032985465644102823,0.0011866986001711959,13,0,524
0.07903648069316029,0.0013888512302329716,0.0007019573462999617,0.010267255949314462,13,0,732
0.024912119762743958,0.001077437801116596,0.0004088456623319348,0.0016024238819228615,13,0,238
0.04107119258434178,0.004779525131051496,0.0015575147727916328,0.007655421095357662,13,0,1367
0.10709374451981911,0.002420206582485798,0.005360955957794771,0.02434727821980713,13,0,187
0.12691898840572544,0.6059677140243752,0.003960347086598601,0.013680749548836864,13,0,3857
0.055579877517952125,0.0032255954268001186,0.003326238029820403,0.0027072860212456534,13,0,322
0.09279251793986971,0.006027386021899588,0.0034277393072223517,0.03902290201587989,13,0,249
0.049836482901593586,0.0010018966723167758,0.001335862229755701,0.000709519278634396,13,0,302
0.02552176053937351,0.0017044808908753457,0.0010927616378167493,0.0011060187114124466,13,0,137
0.011753810108165367,7.364596330204522e-05,0.000180261340407913,0.000792550453907475,13,0,189
0.10554979422257878,0.0018621062998545536,0.0016501327280672576,0.0022469198609453367,13,0,148
0.05315545994146235,0.0017265099167144088,0.0016797421537334315,0.005374395429230632,13,0,391
0.13565738044762685,0.007585553727829042,0.002128763821570887,0.07159507745357624,13,0,1013
0.1257033305096081,0.0006754648000356681,0.0019037852779883186,0.00979312497213429,13,0,219
0.051879372438630625,0.0032081798236535996,0.0046777331622304096,0.004682907645816948,13,0,635
0.0874473367703637,0.0009635876407576472,0.002271816116530803,0.026727248429774156,13,0,230
0.04905262398641635,0.0004006086131826551,0.000321656550730599,0.0009600960680898182,13,0,100
0.05226407488690823,0.0039772472790791415,0.004958122452635822,0.013002194652214806,13,0,237
0.04673150822887128,0.0008565446691225188,0.0006254472212652055,0.0055452786685394745,13,0,554
0.07883413690469361,0.0012575643182188483,0.0030773608589990432,0.014950787469335395,13,0,263
0.08163245304100245,0.007992708062785148,0.014417257584741817,0.07202748197842802,13,0,821
0.03577354096929122,0.005894338524232281,0.004196380924659196,0.008732353369233009,13,0,503
0.1508300646972833,0.002844075205164204,0.010609196566846623,0.05191703695126717,13,0,162
0.029315765833208565,0.0013614812596696112,0.0013315366571842093,0.0038109497429754955,13,0,394
0.047416593651007616,0.003132708768618993,0.002065107501516479,0.009314551459189864,13,0,1038
0.15471030384340842,0.0006837121700766273,0.0008922658823327055,0.008425999982799694,13,0,510
0.044285138990033356,0.0008348803174509631,0.001825511416812946,0.002452724025049216,13,0,287
0.1168836852630958,0.0005071061459742622,0.002139740567159692,0.004066363354397743,13,0,39
0.033399652482642934,0.0005425257441158993,0.0014931211120555426,0.007286017315691688,13,0,110
0.02992721581201455,0.03999274439075149,0.006404052713956295,0.015438806865022858,13,0,3922
0.15528551249056677,0.016892741732618666,0.014489444455194567,0.13347974999516243,13,0,255
0.06524934790636194,0.0033069203069838113,0.0008772982037730879,0.02319901027591381,13,0,1788
0.028114598193057536,0.0025720831712272513,0.0056007651407080795,0.0038311070764708425,13,0,626
0.025136243754819564,0.002656834220024754,0.003230321606542292,0.00170102190916219,13,0,367
0.032740570180558974,0.000387951240276523,0.0006088679187673208,0.0011153598157950036,13,0,310
0.037522221541102185,0.001771593207871023,0.0029240483050327957,0.004383007417397168,13,0,472
0.047189699027108345,0.0032252397589049775,0.002395114757667831,0.024335899999010282,13,0,595
0.06544922555201017,0.0005190327703306885,0.0010676477192812605,0.0036614669264519806,13,0,87
0.1510767409161548,0.010656404943387848,0.009361355731517798,0.09680492858728632,13,0,1204
0.04821048160708242,0.005687436538959272,0.001327289740713949,0.011822833365409503,13,0,491
0.038616922912514,0.0005087746198129382,0.0008816436904977628,0.001788842270575171,13,0,117
0.1993744686583944,0.008755812819095314,0.0013646478395592245,0.0032739934125254927,13,0,12
0.058572428271518547,0.013495951214635609,0.0034089773068079576,0.01357592722183345,13,0,1859
0.039906672888474104,0.0006346243583761083,0.0016861098149012288,0.003138901850987712,13,0,154
0.11145066835662899,0.0006055698341724465,0.0012017509887453203,0.0016547547794247086,13,0,159
0.02927181885829701,0.0005570319974487084,0.0028319336664186243,0.002521526522802169,13,0,109
0.08815766683437394,0.012450203310706598,0.008542761231576256,0.07350939848073704,13,0,2117
0.07351263243683781,0.1853828759025219,0.06918741462630715,0.08505802541409828,13,0,307
0.1275051020943966,0.0003710614106634648,0.0009976651135762968,0.03995211207454834,13,0,128
0.11695827857758494,0.0016844561402358895,0.0028675080208295785,0.010962073519628503,13,0,166
0.022311381327211305,0.0008623559231310531,0.0004940656106119655,0.002562129563736813,13,0,345
0.05133552476808728,0.0015513832107274335,0.0,0.006936717552883729,13,0,393
0.02111736835588138,0.00012208747864736341,0.00016843148003189046,0.002339503119892656,13,0,81
0.09670428295334595,0.0014380198161170405,0.0017949750896212706,0.014053839053966538,13,0,202
0.07146590184831103,0.000958147439983004,0.005287869131081369,0.0036498831527512214,13,0,53
0.08150279266784122,0.0013869625520110957,0.0018461596131499043,0.0052713948345016306,13,0,726
0.14137368825497762,0.0015775499997967074,0.0009961333761602921,0.004228484535537567,13,0,247
0.13871737857235034,0.0009256593772024737,0.002183861265249804,0.08498198314456169,13,0,166
0.10901989355028029,0.0007256621305555797,0.0005290684059429127,0.0017201950903608363,13,0,196
0.026321086112983186,0.0006494011973948212,0.00030857076334095174,0.0012637375353190797,13,0,432
0.11289697772205749,0.0005071172497341156,0.004242411436433087,0.006670000493030659,13,0,33
0.06028333574111529,0.005005778676683039,0.0024496171626697486,0.009821041606472118,13,0,992
0.07475858629241192,0.0051088266670361185,0.0013230995164798625,0.02291178874741961,13,0,240
0.0927228000568474,0.002528830276808751,0.0025947615412678436,0.06329401388072887,13,0,588
0.09380535339069146,0.0010174618027881538,0.0009326733192224742,0.008831876769959595,13,0,231
0.09450978918492353,0.004528202622975461,0.016976062530532486,0.006134681146894141,13,0,181
0.06366825874167109,0.0020166283389350787,0.003089804823397606,0.003027890795447845,13,0,223
0.106729996060903,0.0009082711270700606,0.0013445017042291577,0.016713490918916454,13,0,256
0.18420805194661535,0.0013108334577795477,0.0031028589443642457,0.0245463244119225,13,0,88
0.14705405977847824,0.004842413897644826,0.005643945529073172,0.007114112355630864,13,0,612
0.054991877529667665,0.0035312095597345742,0.003393540571050965,0.031003056251548776,13,0,4378
0.01215035679888204,0.0002114395132569185,0.00021016833381850016,0.0006487252400728301,13,0,120
0.1362537248486651,0.002820144201904699,0.005695369345252849,0.04080946951545296,13,0,296
0.02971917809755102,0.0041664704523692595,0.003278460603532754,0.004635142317032971,13,0,282
0.04111220762132308,0.003971675409892831,0.0013227375820218494,0.012437888467598123,13,0,3152
0.012933892951257395,0.00047010523376555386,0.0005540915516308616,0.0025435856267778923,13,0,496
0.0459479355635932,0.004165305148978204,0.0023624679339109924,0.009061134961145103,13,0,473
0.06752412828415462,0.001531274230563922,0.0010169531149546657,0.007469345292598062,13,0,328
0.03623755223014544,0.0009471824876482284,0.0027562157073007004,0.002995144623103857,13,0,312
0.06611985978586633,0.0001932709924068328,0.0008842809789572898,0.016115623709320428,13,0,69
0.08483355009469049,0.002616347609160259,0.003430153406195572,0.00878453921098866,13,0,87
0.05281795024548573,0.00021890856426795948,0.0002503646336202469,0.0009642248197374637,13,0,86
0.051007532191192535,0.004089509718329274,0.001526938805806609,0.004616162223109795,13,0,738
0.053354149254994536,0.004582323897151614,0.0019435582228683958,0.009926353349766425,13,0,454
0.07098829182384467,0.0668608970108095,0.013309851754414573,0.06782117763017238,13,0,3753
0.10079695807403641,0.0017326376991013497,0.001964761409985741,0.011459726536161558,13,0,417
0.08029947916666667,0.00412202380952381,0.0021447172619047617,0.01249813988095238,13,0,849
0.10488100849437887,0.0015243749561240762,0.003339584607824456,0.005500787259434577,13,0,179
0.13748844925311232,0.0003674410820957966,0.0017062363119101844,0.10302174814642345,13,0,73
0.03833076958625743,0.00036310580903275216,0.00046103434540825195,0.0008186385512738413,13,0,64
0.05373329386599349,0.007428051225628452,0.0020385253363566806,0.013152677170191734,13,0,1812
0.06254692228016195,0.0032982386489437236,0.001389535727101291,0.005894074622649432,13,0,371
0.09527461605359482,0.0006283628162122385,0.005112914169939887,0.016055506178502824,13,0,74
0.11150966546474358,0.0037998297275641025,0.002497746394230769,0.014886318108974358,13,0,325
0.0158507099825009,0.00012556604907762385,0.00016564032005984423,0.0018300583748547307,13,0,60
0.03657147010985616,0.000875335823042837,0.00026290363128068597,0.0005694226115295964,13,0,143
0.06561459264527525,0.004587969523413693,0.002380871337999531,0.005605527777728015,13,0,889
0.05347293219190737,0.03985711646240069,0.0192350803719899,0.025999876824536552,13,0,4198
0.10590391412488545,0.0012514727058515513,0.0011258018065191779,0.0034716585940568136,13,0,212
0.07328267308257304,0.009868690959236232,0.006167104716379354,0.004756346427181845,13,0,968
0.163358613821393,0.007469235108538955,0.007437895660531099,0.012184080953276366,13,0,49
0.08567175856574466,0.005824992605455742,0.0025236863949927007,0.0358420716173538,13,0,892
0.2020718455763773,0.009549363023683265,0.004521158599708449,0.11164163127909352,13,0,251
0.05781162870976022,0.0015533860274918347,0.001681728462811673,0.004191044353375406,13,0,247
0.08811071658114615,0.01037309422710175,0.003729888630161523,0.017090054683960427,13,0,1249
0.03890787604162667,0.0052686148765408395,0.0024269421297185207,0.009492723013709152,13,0,1257
0.05276732990706978,0.004608228774871515,0.008599155875850584,0.042335410146716816,13,0,1438
0.07914382375331105,0.0005787217095314844,0.002065974274886589,0.0015909661333715,13,0,172
0.006758535256030772,0.008493424934464616,0.005916042298821782,0.0009423004852407172,13,0,19834
0.09497199574101894,0.005095827073700792,0.0010064030571316053,0.003205174953690874,13,0,123
0.07422195852120421,0.0014263046919239845,0.0014011800835296597,0.01498972790049109,13,0,1213
0.11402388461937127,0.0012808552855640945,0.008649475071446552,0.004188692935305703,13,0,72
0.12968966971793475,0.0007759026796353257,0.0006619804607999803,0.005138815763140312,13,0,370
0.06563063416163675,0.0036711870606987015,0.002769721198818949,0.01021008073998589,13,0,692
0.06154919980722251,0.0037624848353912887,0.0022701211506821997,0.0310238811427052,13,0,1052
0.03441343005324786,0.0008979899041019452,0.0011471431722920803,0.007787769861970819,13,0,688
0.049985116723596866,0.00027964541761939655,0.0012180259836644361,0.0005846524721589293,13,0,79
0.12445233866193013,0.00597592263666864,0.00788632326820604,0.14572725478586934,13,0,948
0.0925913385396756,0.0010682103653541586,0.0032505051608322866,0.004947845557315275,13,0,201
0.13115065591037486,0.0008183918226648154,0.0019375089768755686,0.02436324029300522,13,0,102
0.10663783972658084,0.0011738242648584314,0.0014085891178301176,0.0018098732269793954,13,0,121
0.05703197022637515,0.00036339040811913354,0.0004804557744930826,0.0014259211987493517,13,0,178
0.0386894944030261,0.008714345406962679,0.0027654988894020363,0.007878647929449539,13,0,1378
0.1327696569810849,0.0025657253953756307,0.004434119220959361,0.006768664041567026,13,0,165
0.05659170609820214,0.010450034417903814,0.0026125086044759536,0.044095567949614355,13,0,3483
0.07661784893307666,0.006502262186157208,0.0022418792796744403,0.02882764334624851,13,0,1018
0.06414553363982402,0.003010529437935637,0.0012457363191457809,0.023644273073310594,13,0,961
0.08409954816036722,0.0010184321881947932,0.003332616127566999,0.0024958760668435773,13,0,198
0.04871163169938365,0.013221227610271877,0.002647752478980177,0.02389114405702312,13,0,3343
0.08253754561852752,0.018583976089920264,0.003094227365998241,0.047806200552463055,13,0,1621
0.057265877287405814,0.002264206970788018,0.0033406332355888795,0.01859619167811143,13,0,1039
0.07816887680644023,0.0029029487848182627,0.0015805528773965133,0.007781588666382167,13,0,344
0.07921719914523224,0.000569344803147158,0.0005339617927820803,0.0028574461400888433,13,0,311
0.042161821192425966,0.0060094393818218685,0.00545749462135463,0.007211890467125494,13,0,1097
0.10669989596905331,0.0018281166358613864,0.0026941995172156067,0.012097385086204284,13,0,166
0.08077183247153782,0.004714715747609202,0.0016726349031642481,0.026792732127456562,13,0,461
0.01615728680761697,8.582217645039479e-05,0.0004028593929847943,0.00040184972032067205,13,0,44
0.09492811689842093,0.002253122790478435,0.0015177940136695733,0.0024416686306858353,13,0,259
0.035332282880711836,0.0030798564675661717,0.005020986984097559,0.004933596387855356,13,0,377
0.0228231661323779,0.0007778615877805016,0.0003358947765415802,0.001523312276070149,13,0,690
0.06033395382435473,0.0033006417914594505,0.0015780846275664712,0.00421748673353152,13,0,1188
0.053962982502631776,0.00037562086847434714,0.00026500113050941,0.0007159892929818462,13,0,102
0.04818762055084237,0.000566357218000999,0.000850626373634363,0.0019208161360187923,13,0,349
0.10416748343591956,0.005266528142601377,0.003959697337985651,0.024712170515283387,13,0,3366
0.10709050753222209,0.01254601193288576,0.003718313573382852,0.12810820907822304,13,0,15135
0.07321775099581249,0.004027933816770504,0.0033002246961495252,0.01696072924113982,13,0,215
0.12034399460786484,0.013465578399972448,0.005190422072331361,0.04694995055569495,13,0,1264
0.12853913973671044,0.00790860780896841,0.0036771683431391154,0.04975715592056454,13,0,216
0.10994966884571379,0.0021647230712210004,0.003996411823792617,0.006343766618143925,13,0,336
0.04024614206261478,0.010563451791376905,0.004549160233144462,0.005750277794701737,13,0,817
0.0662992177599091,0.0041133155617707464,0.0052659179303413016,0.014508587160774375,13,0,1361
0.03606645602583244,0.0026995590430887815,0.0072103977871138735,0.0023726028031434095,13,0,299
0.07800603884191434,0.02632249078842746,0.007364061095202707,0.00997292395320677,13,0,905
0.09503760271784895,0.0012253549754638637,0.004901419901855455,0.013298876273991695,13,0,199
0.14517320671077427,0.0012576475764342577,0.0033537268704913544,0.07342088442094254,13,0,257
0.08943099806652927,0.006583691206217736,0.002687237178791804,0.04029898604455278,13,0,1834
0.05822035585642659,0.010009593281083137,0.003411949970134125,0.042391442069252626,13,0,571
0.047978134417268205,0.003439624360501787,0.0015137711122012755,0.002346345223911977,13,0,501
0.06304176516942474,0.02729237243385083,0.006864728294866483,0.04564841217615949,13,0,1340
0.07073478484754384,0.018022727898082163,0.005286928903581354,0.019701180419888286,13,0,2039
0.03219415416529082,0.0023210153277440798,0.008696271714989183,0.0007604270997036389,13,0,132
0.08264316400194871,0.012500553611763143,0.0030670091678107977,0.03597369236901546,13,0,2725
0.07877908058812581,0.0014988522861219679,0.0029381475277622682,0.00820894596438985,13,0,482
0.09869279456695275,0.003744134594344898,0.0022286515442529156,0.00787727018550485,13,0,260
0.10880497873142929,0.010718102382499005,0.003604132179452256,0.02032562915156214,13,0,981
0.13578371859426117,0.0012592123231903055,0.0012350277075080334,0.005481846221315031,13,0,91
0.06719774748480582,0.011365587336469456,0.007365312639494558,0.042698211035950964,13,0,1034
0.1092436974789916,0.00972689075630252,0.002773109243697479,0.02899579831932773,13,0,1932
0.11917810487275858,0.042402768349421326,0.009834925575773631,0.12990711459178436,13,0,5049
0.03446303497746232,0.0013202436155249138,0.0014173732548142127,0.005435662406152983,13,0,227
0.06829887670363202,0.002002887598685221,0.003147687361123911,0.02148291504111244,13,0,474
0.0859073359073359,0.019287144287144287,0.00260975260975261,0.03605391105391106,13,0,4441
0.17841489892519521,0.00397826116273111,0.0021307297074966624,0.07503405121842677,13,0,131
0.06496551426537114,0.00920019146754761,0.01087673117908369,0.008602454716246852,13,0,134
0.0274434862447507,0.005887074163423885,0.002569577313774968,0.002206786272171847,13,0,1353
0.06088950338767055,0.0016975255489896032,0.004777673356721463,0.0047137086258899705,13,0,302
0.0652236287888352,0.00358081509451286,0.009525886309120749,0.010547336768773456,13,0,512
0.05584552435796678,0.0009445033780092829,0.0016705022431955227,0.002921616792424237,13,0,89
0.031929252464610036,0.0019220179028409151,0.006165574283832374,0.022092408029283778,13,0,710
0.08305142083897159,0.005471921515561569,0.0031842016238159674,0.004909506089309878,13,0,496
0.13508414546633024,0.0091784532049353,0.005711937776337416,0.06869371976203154,13,0,2742
0.002509746910724906,3.2159298662966145e-05,2.9956606973721887e-05,0.00032952267671094076,13,0,882
0.060596073565714136,0.007489692786889483,0.007347524330192703,0.02637224871725279,13,0,426
0.05526200159983776,0.0024560889599927896,0.010860870446940592,0.014229542919591253,13,0,1107
0.06236436034698589,0.005655190634652039,0.0028244500500097503,0.010976982933779541,13,0,1069
0.2500679012966633,0.08899596616000563,0.03379975656127715,0.2809705358669738,13,0,1518
0.09031312400431038,0.011720023725750203,0.002121032380680283,0.005158176843792021,13,0,228
0.061335664805972155,0.005487927903692245,0.0017620552828031474,0.030761988028784718,13,0,639
0.08085813756547376,0.00417150205438635,0.005065395351754854,0.025013329987767775,13,0,636
0.07458724444486885,0.007152201522110711,0.005099166372239145,0.06613637882795566,13,0,1099
0.06060585404425298,0.014703276028956661,0.006393914193398863,0.01646875979877575,13,0,813
0.15290710564239,0.007177696485977165,0.005611905553708015,0.03951890034364261,13,0,448
0.09230393126971746,0.019580680085214373,0.0206167564987602,0.048078602111733273,13,0,804
0.08567600106108735,0.0030336215047034737,0.0016664512750052714,0.004155925424604983,13,0,325
0.035687303824974884,0.013941570023287874,0.010148528346560949,0.010405551704532178,13,0,589
0.1236487077129287,0.0021343862000641044,0.003926396456773216,0.017286342842157406,13,0,69
0.13617914366811823,0.025453267874148245,0.0071653768988248785,0.049445723425697356,13,0,184
0.07823848671083088,0.02482241200415037,0.00937824247745231,0.03918908133131136,13,0,2903
0.18376483003966024,0.004936254234114623,0.0033021838669594376,0.07046928458356738,13,0,1824
0.3211519078473722,0.009301655867530598,0.011259899208063355,0.5175809935205183,13,0,321
0.08021278815062063,0.008829891927927765,0.002807243504564605,0.004022657493616809,13,0,2360
0.080442103311913,0.003939075630252101,0.008774097874443896,0.013925790904597134,13,0,286
0.07837774478393374,0.005987731499570212,0.0026666406188950533,0.023696960225052747,13,0,883
0.10583040484930827,0.0037623943459573856,0.0036186917841326246,0.053823141338001486,13,0,798
0.11987798191023259,0.00316757257467752,0.005754867148279662,0.03123918633312216,13,0,204
0.10149403442086369,0.0020589166930630345,0.005411255411255411,0.06374722838137473,13,0,728
0.14060489253072048,0.00704490905064314,0.005452771576156245,0.07639865685846137,13,0,632
